Time	00:00:06	01:00:06	02:00:07	03:00:08	03:36:36	04:36:37	05:36:39	06:36:40	07:36:41	08:36:42	09:36:43	10:36:44	11:36:45	12:36:46	13:36:47	14:36:47	15:36:48	16:36:48	17:36:50	18:36:50	19:36:51	21:34:50	22:34:46	23:34:47	24:34:47	25:34:48	26:34:49	27:34:50	28:34:52	29:34:52	30:34:53	31:34:54	32:34:56	33:34:56	34:34:56	35:34:57	36:34:58	37:34:59	38:35:00	39:35:00	40:35:02	41:35:04	42:35:05	43:35:05	44:35:05	45:35:07	46:35:08	47:35:08	48:35:09	49:35:10	50:35:11	51:35:13	52:35:15	53:35:16	54:35:16
A1	0.046	0.046	0.046	0.049	0.047	0.047	0.047	0.048	0.049	0.051	0.053	0.056	0.061	0.068	0.078	0.085	0.09	0.097	0.1	0.103	0.112	0.102	0.095	0.087	0.078	0.07	0.062	0.056	0.048	0.045	0.046	0.047	0.048	0.049	0.049	0.049	0.049	0.049	0.049	0.049	0.048	0.048	0.048	0.048	0.048	0.048	0.049	0.051	0.052	0.052	0.052	0.052	0.052	0.052	0.052
A2	0.048	0.048	0.048	0.049	0.049	0.049	0.05	0.052	0.054	0.059	0.065	0.073	0.082	0.101	0.125	0.146	0.167	0.193	0.207	0.227	0.226	0.239	0.228	0.219	0.207	0.2	0.192	0.2	0.2	0.197	0.199	0.196	0.19	0.186	0.181	0.177	0.175	0.17	0.167	0.166	0.162	0.157	0.153	0.146	0.139	0.135	0.13	0.126	0.117	0.11	0.102	0.093	0.083	0.072	0.063
A3	0.048	0.048	0.048	0.048	0.049	0.049	0.052	0.052	0.055	0.06	0.066	0.074	0.084	0.105	0.129	0.142	0.171	0.204	0.215	0.24	0.252	0.265	0.254	0.236	0.229	0.242	0.22	0.205	0.222	0.222	0.206	0.204	0.203	0.198	0.193	0.19	0.192	0.186	0.181	0.177	0.174	0.172	0.169	0.166	0.162	0.159	0.151	0.145	0.14	0.135	0.13	0.122	0.115	0.109	0.101
A4	0.051	0.051	0.051	0.052	0.052	0.052	0.053	0.055	0.058	0.063	0.068	0.076	0.087	0.109	0.131	0.146	0.17	0.198	0.213	0.233	0.24	0.265	0.242	0.244	0.23	0.223	0.216	0.212	0.221	0.206	0.208	0.205	0.201	0.197	0.192	0.189	0.189	0.182	0.18	0.177	0.174	0.171	0.168	0.165	0.162	0.156	0.152	0.145	0.141	0.135	0.128	0.122	0.114	0.108	0.101
A5	0.051	0.051	0.051	0.05	0.051	0.052	0.053	0.055	0.058	0.062	0.067	0.074	0.085	0.106	0.13	0.154	0.177	0.193	0.206	0.216	0.212	0.224	0.227	0.218	0.211	0.215	0.214	0.199	0.196	0.196	0.199	0.196	0.193	0.189	0.189	0.183	0.179	0.177	0.174	0.171	0.168	0.165	0.161	0.157	0.151	0.145	0.14	0.135	0.132	0.126	0.12	0.113	0.107	0.101	0.094
A6	0.049	0.049	0.049	0.049	0.049	0.05	0.051	0.053	0.056	0.061	0.067	0.074	0.086	0.107	0.13	0.157	0.178	0.202	0.216	0.232	0.223	0.226	0.251	0.216	0.213	0.215	0.213	0.208	0.203	0.201	0.202	0.2	0.197	0.192	0.188	0.187	0.184	0.18	0.179	0.174	0.171	0.168	0.166	0.162	0.159	0.153	0.145	0.139	0.134	0.13	0.123	0.116	0.109	0.101	0.096
A7	0.049	0.049	0.049	0.05	0.05	0.05	0.051	0.052	0.055	0.059	0.065	0.073	0.085	0.104	0.129	0.152	0.18	0.199	0.208	0.215	0.203	0.217	0.239	0.211	0.211	0.21	0.201	0.198	0.2	0.198	0.203	0.199	0.191	0.187	0.187	0.182	0.179	0.174	0.173	0.168	0.165	0.162	0.158	0.154	0.15	0.143	0.138	0.134	0.128	0.124	0.117	0.111	0.103	0.095	0.089
A8	0.048	0.048	0.048	0.05	0.049	0.049	0.05	0.052	0.055	0.059	0.065	0.071	0.081	0.102	0.126	0.15	0.171	0.19	0.197	0.199	0.198	0.209	0.221	0.197	0.204	0.201	0.197	0.195	0.198	0.194	0.201	0.193	0.188	0.185	0.182	0.179	0.176	0.17	0.168	0.164	0.162	0.158	0.155	0.151	0.146	0.14	0.135	0.131	0.127	0.122	0.115	0.109	0.103	0.096	0.09
A9	0.051	0.051	0.051	0.051	0.051	0.052	0.053	0.055	0.058	0.062	0.067	0.075	0.086	0.108	0.131	0.152	0.167	0.176	0.184	0.189	0.195	0.189	0.2	0.198	0.196	0.197	0.193	0.195	0.194	0.195	0.197	0.188	0.183	0.18	0.175	0.172	0.168	0.162	0.159	0.156	0.152	0.149	0.146	0.139	0.136	0.131	0.126	0.122	0.116	0.11	0.103	0.095	0.088	0.081	0.072
A10	0.048	0.048	0.049	0.051	0.049	0.05	0.051	0.052	0.055	0.06	0.066	0.073	0.084	0.104	0.125	0.144	0.168	0.189	0.205	0.211	0.207	0.207	0.225	0.187	0.19	0.2	0.204	0.208	0.202	0.198	0.199	0.196	0.192	0.19	0.185	0.183	0.18	0.177	0.177	0.17	0.167	0.164	0.16	0.158	0.154	0.149	0.142	0.138	0.131	0.127	0.121	0.114	0.108	0.102	0.096
A11	0.049	0.049	0.049	0.049	0.049	0.05	0.051	0.052	0.055	0.059	0.064	0.071	0.081	0.099	0.119	0.139	0.158	0.173	0.184	0.195	0.199	0.187	0.188	0.188	0.194	0.199	0.189	0.191	0.193	0.191	0.192	0.186	0.18	0.177	0.172	0.169	0.165	0.159	0.155	0.151	0.149	0.146	0.141	0.137	0.13	0.126	0.122	0.116	0.11	0.103	0.095	0.087	0.08	0.072	0.063
A12	0.053	0.053	0.053	0.05	0.053	0.053	0.054	0.055	0.056	0.059	0.061	0.066	0.071	0.079	0.09	0.105	0.118	0.136	0.14	0.152	0.16	0.177	0.168	0.159	0.152	0.145	0.138	0.135	0.134	0.129	0.122	0.116	0.111	0.105	0.099	0.093	0.086	0.078	0.071	0.066	0.061	0.055	0.052	0.051	0.052	0.053	0.054	0.054	0.055	0.056	0.055	0.055	0.055	0.055	0.055
B1	0.05	0.05	0.05	0.05	0.05	0.05	0.05	0.05	0.05	0.05	0.05	0.05	0.05	0.05	0.051	0.051	0.051	0.052	0.053	0.055	0.057	0.065	0.072	0.08	0.084	0.089	0.091	0.096	0.102	0.109	0.116	0.126	0.138	0.14	0.145	0.153	0.163	0.173	0.181	0.186	0.189	0.183	0.182	0.174	0.166	0.158	0.15	0.142	0.134	0.126	0.116	0.108	0.099	0.089	0.08
B2	0.048	0.048	0.048	0.049	0.048	0.048	0.048	0.048	0.048	0.048	0.049	0.049	0.049	0.049	0.05	0.051	0.051	0.052	0.054	0.056	0.059	0.068	0.077	0.089	0.099	0.105	0.111	0.121	0.127	0.134	0.143	0.155	0.167	0.183	0.198	0.21	0.216	0.227	0.242	0.253	0.267	0.274	0.287	0.303	0.294	0.294	0.29	0.269	0.248	0.241	0.239	0.239	0.243	0.242	0.237
B3	0.047	0.047	0.048	0.049	0.048	0.048	0.048	0.048	0.048	0.048	0.048	0.049	0.049	0.049	0.049	0.05	0.051	0.052	0.053	0.055	0.059	0.069	0.078	0.092	0.101	0.108	0.115	0.124	0.131	0.139	0.148	0.16	0.175	0.189	0.203	0.216	0.224	0.236	0.242	0.253	0.268	0.282	0.301	0.311	0.314	0.326	0.328	0.319	0.281	0.26	0.254	0.252	0.255	0.257	0.252
B4	0.05	0.051	0.051	0.05	0.051	0.051	0.051	0.051	0.051	0.051	0.051	0.052	0.052	0.052	0.053	0.053	0.054	0.055	0.057	0.059	0.062	0.072	0.083	0.098	0.107	0.114	0.12	0.129	0.136	0.144	0.155	0.164	0.175	0.191	0.206	0.219	0.233	0.237	0.248	0.254	0.273	0.281	0.298	0.321	0.339	0.309	0.308	0.299	0.276	0.265	0.26	0.261	0.261	0.253	0.264
B5	0.051	0.051	0.051	0.05	0.051	0.051	0.051	0.051	0.051	0.051	0.051	0.052	0.052	0.052	0.053	0.053	0.054	0.055	0.057	0.059	0.062	0.073	0.082	0.094	0.102	0.11	0.119	0.128	0.136	0.146	0.152	0.164	0.178	0.192	0.205	0.215	0.227	0.232	0.247	0.258	0.275	0.287	0.303	0.317	0.318	0.339	0.308	0.296	0.272	0.261	0.258	0.261	0.258	0.267	0.269
B6	0.051	0.051	0.051	0.051	0.051	0.051	0.051	0.051	0.051	0.051	0.051	0.051	0.051	0.051	0.052	0.053	0.053	0.054	0.055	0.057	0.059	0.068	0.079	0.092	0.101	0.107	0.116	0.125	0.132	0.139	0.146	0.16	0.173	0.187	0.201	0.216	0.223	0.241	0.245	0.264	0.282	0.29	0.306	0.314	0.318	0.323	0.312	0.308	0.28	0.274	0.262	0.264	0.271	0.261	0.257
B7	0.049	0.049	0.049	0.05	0.049	0.049	0.049	0.05	0.05	0.05	0.05	0.05	0.051	0.051	0.051	0.052	0.053	0.054	0.056	0.058	0.062	0.074	0.084	0.096	0.103	0.11	0.117	0.127	0.134	0.141	0.15	0.159	0.171	0.189	0.202	0.215	0.226	0.238	0.246	0.263	0.279	0.291	0.314	0.309	0.292	0.316	0.308	0.312	0.286	0.269	0.264	0.263	0.266	0.265	0.262
B8	0.048	0.048	0.048	0.05	0.048	0.048	0.048	0.049	0.048	0.049	0.048	0.049	0.049	0.049	0.05	0.05	0.051	0.052	0.054	0.056	0.059	0.069	0.08	0.094	0.101	0.107	0.114	0.123	0.131	0.137	0.146	0.157	0.171	0.185	0.199	0.21	0.223	0.233	0.245	0.26	0.271	0.282	0.298	0.325	0.343	0.315	0.307	0.295	0.267	0.257	0.253	0.256	0.267	0.259	0.259
B9	0.049	0.049	0.049	0.05	0.05	0.05	0.051	0.05	0.05	0.05	0.05	0.05	0.05	0.051	0.051	0.052	0.052	0.053	0.055	0.057	0.059	0.069	0.078	0.091	0.1	0.108	0.116	0.124	0.131	0.137	0.144	0.153	0.166	0.179	0.193	0.206	0.216	0.228	0.236	0.249	0.274	0.28	0.291	0.305	0.316	0.335	0.326	0.325	0.316	0.289	0.285	0.274	0.281	0.275	0.276
B10	0.049	0.049	0.049	0.052	0.049	0.049	0.049	0.049	0.049	0.049	0.049	0.05	0.05	0.05	0.051	0.052	0.052	0.053	0.055	0.057	0.06	0.071	0.082	0.095	0.101	0.107	0.116	0.124	0.13	0.137	0.147	0.157	0.172	0.186	0.201	0.216	0.219	0.234	0.243	0.262	0.278	0.291	0.301	0.333	0.323	0.327	0.321	0.283	0.271	0.266	0.267	0.26	0.269	0.265	0.271
B11	0.051	0.051	0.051	0.051	0.051	0.051	0.051	0.051	0.051	0.051	0.051	0.052	0.052	0.052	0.052	0.053	0.053	0.054	0.056	0.058	0.06	0.07	0.079	0.092	0.099	0.105	0.113	0.121	0.13	0.138	0.148	0.157	0.174	0.187	0.201	0.217	0.224	0.244	0.251	0.269	0.283	0.288	0.296	0.316	0.309	0.3	0.276	0.262	0.252	0.25	0.246	0.247	0.25	0.241	0.243
B12	0.051	0.051	0.051	0.05	0.051	0.051	0.051	0.051	0.051	0.051	0.051	0.051	0.052	0.052	0.053	0.053	0.054	0.054	0.056	0.058	0.06	0.069	0.078	0.088	0.091	0.095	0.101	0.109	0.116	0.122	0.13	0.139	0.143	0.151	0.155	0.17	0.184	0.198	0.212	0.222	0.224	0.224	0.22	0.208	0.198	0.191	0.184	0.178	0.174	0.168	0.162	0.156	0.149	0.139	0.132
C1	0.049	0.052	0.06	0.077	0.076	0.093	0.106	0.108	0.115	0.119	0.117	0.115	0.114	0.115	0.122	0.115	0.115	0.119	0.107	0.117	0.102	0.1	0.098	0.098	0.107	0.112	0.109	0.112	0.11	0.108	0.089	0.079	0.086	0.082	0.084	0.076	0.07	0.063	0.06	0.052	0.049	0.046	0.045	0.045	0.051	0.055	0.055	0.055	0.06	0.069	0.072	0.072	0.069	0.065	0.062
C2	0.051	0.055	0.064	0.082	0.1	0.122	0.139	0.151	0.154	0.162	0.183	0.203	0.232	0.22	0.246	0.274	0.479	0.472	0.564	0.483	0.483	0.475	0.489	0.444	0.447	0.465	0.465	0.49	0.513	0.522	0.444	0.551	0.485	0.435	0.459	0.438	0.418	0.474	0.439	0.487	0.478	0.475	0.459	0.411	0.417	0.438	0.494	0.439	0.406	0.391	0.466	0.353	0.407	0.311	0.212
C3	0.05	0.054	0.063	0.084	0.102	0.121	0.141	0.153	0.173	0.183	0.204	0.22	0.225	0.253	0.256	0.338	0.432	0.459	0.513	0.494	0.465	0.449	0.514	0.494	0.472	0.491	0.458	0.502	0.505	0.463	0.466	0.489	0.509	0.514	0.494	0.457	0.457	0.483	0.504	0.497	0.48	0.49	0.466	0.464	0.47	0.438	0.436	0.441	0.51	0.503	0.508	0.476	0.495	0.468	0.552
C4	0.051	0.053	0.061	0.082	0.099	0.117	0.139	0.157	0.166	0.173	0.195	0.215	0.225	0.251	0.275	0.302	0.41	0.411	0.427	0.455	0.495	0.511	0.501	0.52	0.52	0.518	0.537	0.517	0.51	0.528	0.516	0.559	0.542	0.523	0.535	0.506	0.542	0.499	0.496	0.478	0.507	0.501	0.495	0.49	0.489	0.489	0.501	0.503	0.492	0.524	0.559	0.55	0.511	0.458	0.293
C5	0.053	0.056	0.064	0.08	0.102	0.122	0.145	0.164	0.178	0.193	0.208	0.212	0.219	0.224	0.237	0.259	0.398	0.469	0.454	0.453	0.468	0.471	0.48	0.443	0.46	0.47	0.463	0.436	0.534	0.55	0.499	0.529	0.539	0.514	0.496	0.47	0.503	0.492	0.507	0.522	0.477	0.507	0.529	0.5	0.473	0.445	0.457	0.451	0.457	0.495	0.501	0.476	0.522	0.479	0.373
C6	0.051	0.054	0.062	0.083	0.101	0.119	0.14	0.156	0.16	0.165	0.175	0.187	0.216	0.235	0.249	0.286	0.347	0.412	0.51	0.464	0.45	0.466	0.513	0.454	0.456	0.501	0.52	0.55	0.519	0.496	0.527	0.51	0.507	0.498	0.48	0.493	0.494	0.514	0.509	0.488	0.526	0.514	0.513	0.522	0.535	0.51	0.55	0.499	0.488	0.571	0.545	0.519	0.566	0.408	0.526
C7	0.051	0.055	0.062	0.06	0.097	0.117	0.141	0.158	0.171	0.18	0.2	0.21	0.227	0.246	0.284	0.281	0.444	0.488	0.559	0.517	0.454	0.472	0.494	0.469	0.482	0.492	0.48	0.466	0.481	0.481	0.522	0.552	0.521	0.505	0.524	0.494	0.53	0.48	0.474	0.484	0.457	0.451	0.51	0.471	0.448	0.456	0.474	0.435	0.446	0.459	0.465	0.411	0.369	0.28	0.252
C8	0.051	0.055	0.062	0.06	0.096	0.115	0.136	0.154	0.169	0.182	0.202	0.215	0.214	0.289	0.306	0.283	0.411	0.463	0.49	0.487	0.47	0.506	0.502	0.469	0.515	0.51	0.505	0.455	0.48	0.484	0.504	0.499	0.511	0.498	0.443	0.502	0.507	0.469	0.524	0.481	0.488	0.565	0.567	0.547	0.527	0.473	0.473	0.432	0.449	0.459	0.49	0.456	0.451	0.281	0.313
C9	0.051	0.055	0.063	0.059	0.098	0.118	0.142	0.161	0.177	0.193	0.203	0.213	0.222	0.24	0.319	0.273	0.385	0.466	0.47	0.471	0.529	0.464	0.473	0.475	0.441	0.468	0.444	0.499	0.476	0.5	0.461	0.495	0.512	0.528	0.491	0.457	0.459	0.492	0.472	0.464	0.465	0.508	0.517	0.468	0.454	0.49	0.485	0.473	0.478	0.486	0.495	0.499	0.488	0.468	0.456
C10	0.051	0.056	0.066	0.05	0.102	0.127	0.147	0.162	0.177	0.192	0.199	0.213	0.238	0.243	0.288	0.3	0.455	0.52	0.49	0.545	0.53	0.46	0.486	0.469	0.478	0.501	0.493	0.471	0.463	0.484	0.53	0.496	0.485	0.52	0.537	0.493	0.443	0.465	0.464	0.415	0.486	0.539	0.511	0.506	0.49	0.474	0.515	0.47	0.509	0.444	0.446	0.383	0.311	0.196	0.26
C11	0.054	0.057	0.066	0.051	0.102	0.124	0.147	0.164	0.181	0.195	0.207	0.217	0.242	0.257	0.285	0.3	0.506	0.485	0.559	0.492	0.526	0.536	0.512	0.476	0.508	0.536	0.515	0.525	0.487	0.507	0.522	0.542	0.499	0.482	0.442	0.469	0.502	0.465	0.437	0.428	0.445	0.449	0.454	0.503	0.48	0.47	0.435	0.483	0.441	0.382	0.401	0.374	0.459	0.463	0.441
C12	0.051	0.055	0.064	0.049	0.098	0.122	0.139	0.148	0.158	0.169	0.174	0.175	0.183	0.201	0.208	0.236	0.231	0.228	0.24	0.27	0.283	0.284	0.264	0.254	0.229	0.268	0.203	0.209	0.183	0.151	0.145	0.141	0.131	0.128	0.134	0.124	0.134	0.125	0.12	0.134	0.122	0.132	0.131	0.127	0.129	0.12	0.12	0.122	0.118	0.121	0.126	0.131	0.132	0.138	0.142
D1	0.048	0.048	0.048	0.048	0.049	0.049	0.049	0.049	0.049	0.049	0.049	0.049	0.05	0.051	0.052	0.054	0.058	0.064	0.071	0.078	0.084	0.1	0.102	0.104	0.109	0.121	0.13	0.142	0.157	0.168	0.179	0.195	0.201	0.207	0.214	0.223	0.221	0.222	0.222	0.224	0.221	0.218	0.215	0.211	0.209	0.205	0.2	0.196	0.19	0.184	0.177	0.17	0.163	0.155	0.148
D2	0.048	0.048	0.048	0.05	0.048	0.048	0.049	0.049	0.049	0.049	0.05	0.051	0.051	0.053	0.055	0.059	0.064	0.07	0.079	0.089	0.096	0.117	0.119	0.128	0.136	0.148	0.161	0.174	0.188	0.2	0.21	0.221	0.234	0.243	0.255	0.262	0.268	0.272	0.273	0.276	0.279	0.282	0.277	0.275	0.272	0.271	0.27	0.269	0.267	0.266	0.264	0.263	0.26	0.257	0.255
D3	0.05	0.05	0.05	0.05	0.051	0.051	0.051	0.051	0.051	0.051	0.052	0.053	0.054	0.055	0.057	0.06	0.065	0.072	0.082	0.093	0.101	0.122	0.127	0.136	0.146	0.159	0.172	0.187	0.203	0.22	0.236	0.248	0.263	0.277	0.287	0.296	0.305	0.319	0.326	0.326	0.327	0.324	0.325	0.328	0.321	0.317	0.313	0.311	0.308	0.306	0.304	0.3	0.297	0.295	0.292
D4	0.049	0.05	0.05	0.049	0.05	0.05	0.051	0.051	0.051	0.051	0.051	0.053	0.053	0.055	0.058	0.061	0.066	0.073	0.082	0.093	0.102	0.124	0.132	0.137	0.146	0.16	0.173	0.188	0.205	0.222	0.239	0.249	0.265	0.279	0.29	0.299	0.31	0.326	0.334	0.336	0.334	0.333	0.337	0.338	0.331	0.326	0.321	0.318	0.315	0.312	0.309	0.306	0.303	0.3	0.298
D5	0.048	0.049	0.049	0.048	0.049	0.049	0.049	0.05	0.05	0.05	0.051	0.052	0.053	0.054	0.057	0.061	0.066	0.073	0.082	0.093	0.101	0.122	0.129	0.137	0.146	0.16	0.173	0.188	0.206	0.224	0.238	0.253	0.268	0.279	0.29	0.3	0.31	0.325	0.328	0.329	0.329	0.328	0.33	0.328	0.321	0.318	0.314	0.311	0.308	0.305	0.303	0.3	0.297	0.295	0.293
D6	0.05	0.05	0.05	0.05	0.051	0.051	0.051	0.051	0.051	0.052	0.052	0.053	0.053	0.055	0.058	0.061	0.066	0.073	0.084	0.095	0.102	0.124	0.132	0.138	0.148	0.163	0.176	0.193	0.21	0.228	0.241	0.254	0.27	0.28	0.29	0.299	0.31	0.323	0.322	0.324	0.324	0.325	0.327	0.322	0.316	0.312	0.309	0.306	0.304	0.302	0.299	0.297	0.294	0.292	0.289
D7	0.05	0.05	0.05	0.051	0.05	0.05	0.051	0.051	0.051	0.051	0.052	0.053	0.054	0.056	0.059	0.063	0.068	0.075	0.083	0.093	0.1	0.122	0.13	0.137	0.145	0.162	0.174	0.191	0.207	0.223	0.237	0.251	0.264	0.274	0.285	0.297	0.305	0.315	0.314	0.315	0.315	0.316	0.317	0.311	0.307	0.304	0.301	0.299	0.297	0.295	0.293	0.291	0.289	0.287	0.284
D8	0.049	0.049	0.049	0.05	0.049	0.049	0.049	0.05	0.05	0.05	0.05	0.051	0.052	0.053	0.055	0.059	0.063	0.07	0.081	0.093	0.099	0.119	0.127	0.136	0.149	0.161	0.174	0.192	0.207	0.224	0.236	0.251	0.268	0.277	0.287	0.298	0.308	0.319	0.318	0.32	0.32	0.32	0.323	0.318	0.313	0.309	0.306	0.304	0.302	0.299	0.297	0.295	0.292	0.291	0.288
D9	0.049	0.049	0.05	0.049	0.05	0.05	0.05	0.05	0.05	0.05	0.051	0.052	0.052	0.053	0.056	0.059	0.064	0.071	0.08	0.09	0.097	0.117	0.127	0.136	0.145	0.159	0.172	0.19	0.204	0.22	0.233	0.247	0.263	0.274	0.283	0.294	0.302	0.316	0.313	0.317	0.318	0.318	0.323	0.317	0.311	0.308	0.305	0.303	0.301	0.299	0.297	0.295	0.292	0.29	0.288
D10	0.048	0.049	0.049	0.049	0.049	0.049	0.049	0.049	0.049	0.05	0.05	0.051	0.051	0.053	0.055	0.058	0.062	0.069	0.079	0.09	0.098	0.12	0.128	0.135	0.146	0.161	0.172	0.19	0.207	0.223	0.238	0.252	0.267	0.278	0.291	0.299	0.31	0.325	0.325	0.325	0.324	0.325	0.326	0.322	0.316	0.312	0.31	0.308	0.304	0.302	0.3	0.298	0.294	0.292	0.29
D11	0.05	0.05	0.05	0.051	0.051	0.05	0.051	0.051	0.051	0.051	0.052	0.052	0.053	0.054	0.056	0.059	0.064	0.071	0.08	0.09	0.098	0.118	0.127	0.136	0.148	0.16	0.175	0.193	0.209	0.227	0.241	0.255	0.27	0.28	0.291	0.3	0.311	0.324	0.322	0.325	0.326	0.326	0.328	0.321	0.315	0.313	0.31	0.308	0.305	0.303	0.301	0.298	0.295	0.292	0.29
D12	0.048	0.049	0.049	0.049	0.049	0.049	0.049	0.049	0.049	0.049	0.049	0.05	0.051	0.051	0.053	0.056	0.061	0.068	0.077	0.083	0.088	0.103	0.106	0.112	0.118	0.13	0.143	0.156	0.17	0.179	0.192	0.201	0.212	0.219	0.226	0.233	0.233	0.233	0.234	0.234	0.229	0.225	0.222	0.218	0.216	0.212	0.209	0.204	0.2	0.196	0.19	0.185	0.179	0.173	0.168
E1	0.051	0.052	0.055	0.06	0.06	0.062	0.067	0.075	0.075	0.074	0.074	0.084	0.116	0.238	0.135	0.185	0.286	0.145	0.258	0.297	0.314	0.322	0.139	0.116	0.157	0.143	0.173	0.165	0.19	0.153	0.252	0.228	0.119	0.082	0.078	0.055	0.056	0.078	0.068	0.052	0.059	0.055	0.057	0.052	0.052	0.053	0.056	0.057	0.058	0.057	0.059	0.058	0.06	0.061	0.066
E2	0.05	0.053	0.054	0.057	0.066	0.072	0.081	0.084	0.1	0.105	0.112	0.117	0.176	0.538	0.502	0.51	0.512	0.532	0.517	0.493	0.453	0.384	0.39	0.345	0.34	0.311	0.311	0.328	0.312	0.311	0.308	0.318	0.334	0.356	0.368	0.345	0.34	0.355	0.358	0.366	0.365	0.363	0.368	0.377	0.382	0.384	0.389	0.364	0.359	0.383	0.367	0.359	0.335	0.166	0.082
E3	0.053	0.055	0.056	0.056	0.062	0.066	0.068	0.068	0.076	0.079	0.08	0.09	0.147	0.473	0.438	0.432	0.504	0.503	0.537	0.54	0.514	0.508	0.433	0.434	0.471	0.488	0.483	0.472	0.455	0.447	0.442	0.419	0.401	0.384	0.377	0.38	0.375	0.375	0.362	0.36	0.365	0.369	0.375	0.383	0.382	0.394	0.395	0.394	0.386	0.382	0.159	0.289	0.422	0.355	0.497
E4	0.052	0.053	0.054	0.051	0.057	0.06	0.064	0.063	0.064	0.072	0.073	0.077	0.101	0.245	0.395	0.432	0.451	0.454	0.38	0.41	0.437	0.377	0.328	0.418	0.422	0.384	0.43	0.433	0.41	0.399	0.387	0.39	0.396	0.391	0.379	0.364	0.362	0.354	0.367	0.377	0.373	0.375	0.369	0.389	0.385	0.377	0.378	0.378	0.359	0.215	0.159	0.38	0.327	0.42	0.465
E5	0.05	0.051	0.052	0.052	0.053	0.056	0.059	0.061	0.061	0.067	0.07	0.073	0.114	0.129	0.43	0.259	0.449	0.378	0.389	0.423	0.482	0.557	0.418	0.477	0.453	0.474	0.537	0.467	0.456	0.452	0.455	0.448	0.443	0.417	0.404	0.394	0.391	0.382	0.372	0.353	0.36	0.356	0.364	0.361	0.378	0.397	0.409	0.414	0.46	0.459	0.481	0.472	0.398	0.359	0.324
E6	0.053	0.053	0.054	0.054	0.058	0.058	0.059	0.065	0.062	0.068	0.07	0.079	0.124	0.173	0.196	0.384	0.385	0.47	0.463	0.484	0.475	0.539	0.455	0.486	0.488	0.433	0.398	0.39	0.361	0.331	0.334	0.33	0.313	0.323	0.329	0.334	0.334	0.32	0.331	0.342	0.352	0.358	0.365	0.362	0.355	0.363	0.355	0.35	0.273	0.239	0.089	0.235	0.181	0.565	0.574
E7	0.052	0.052	0.052	0.052	0.053	0.057	0.056	0.057	0.058	0.062	0.065	0.084	0.14	0.17	0.206	0.391	0.4	0.417	0.407	0.42	0.467	0.467	0.442	0.492	0.471	0.481	0.428	0.376	0.366	0.402	0.416	0.41	0.424	0.394	0.368	0.37	0.369	0.37	0.35	0.34	0.334	0.325	0.331	0.354	0.353	0.366	0.344	0.334	0.31	0.278	0.252	0.396	0.365	0.363	0.465
E8	0.051	0.052	0.054	0.052	0.06	0.066	0.066	0.065	0.063	0.068	0.079	0.091	0.098	0.099	0.251	0.402	0.355	0.474	0.454	0.399	0.397	0.51	0.478	0.413	0.42	0.392	0.424	0.449	0.433	0.423	0.419	0.405	0.398	0.384	0.391	0.389	0.406	0.387	0.397	0.395	0.385	0.384	0.396	0.381	0.388	0.387	0.383	0.385	0.388	0.372	0.384	0.382	0.389	0.071	0.27
E9	0.051	0.052	0.052	0.052	0.053	0.057	0.057	0.058	0.063	0.071	0.07	0.082	0.154	0.242	0.25	0.414	0.431	0.423	0.416	0.434	0.457	0.522	0.499	0.558	0.581	0.53	0.53	0.502	0.486	0.48	0.469	0.462	0.451	0.455	0.435	0.432	0.417	0.411	0.399	0.387	0.381	0.386	0.38	0.366	0.328	0.204	0.351	0.368	0.317	0.651	0.559	0.46	0.198	0.425	0.079
E10	0.05	0.051	0.05	0.049	0.052	0.055	0.057	0.058	0.065	0.065	0.067	0.077	0.099	0.239	0.316	0.286	0.441	0.348	0.425	0.453	0.459	0.417	0.278	0.34	0.357	0.37	0.359	0.37	0.373	0.364	0.362	0.349	0.344	0.349	0.333	0.319	0.331	0.327	0.326	0.329	0.332	0.337	0.313	0.317	0.281	0.167	0.212	0.203	0.557	0.363	0.116	0.348	0.357	0.259	0.105
E11	0.051	0.053	0.051	0.049	0.055	0.059	0.061	0.068	0.068	0.071	0.072	0.082	0.205	0.397	0.422	0.474	0.495	0.517	0.482	0.397	0.45	0.512	0.452	0.443	0.414	0.418	0.402	0.389	0.383	0.383	0.367	0.355	0.354	0.355	0.338	0.31	0.266	0.268	0.257	0.256	0.26	0.228	0.224	0.268	0.222	0.222	0.18	0.113	0.21	0.111	0.2	0.07	0.17	0.114	0.452
E12	0.05	0.052	0.051	0.05	0.054	0.057	0.06	0.068	0.067	0.07	0.073	0.079	0.077	0.229	0.191	0.179	0.186	0.257	0.328	0.325	0.215	0.27	0.172	0.181	0.239	0.078	0.117	0.062	0.051	0.054	0.053	0.052	0.052	0.052	0.052	0.053	0.054	0.051	0.051	0.051	0.051	0.051	0.051	0.052	0.051	0.052	0.053	0.054	0.055	0.058	0.06	0.062	0.065	0.067	0.072
F1	0.05	0.051	0.053	0.06	0.059	0.066	0.077	0.094	0.117	0.135	0.152	0.168	0.185	0.202	0.217	0.225	0.222	0.223	0.222	0.218	0.216	0.21	0.205	0.201	0.198	0.194	0.19	0.185	0.182	0.179	0.175	0.171	0.167	0.163	0.157	0.153	0.148	0.143	0.139	0.134	0.13	0.126	0.122	0.117	0.113	0.109	0.102	0.096	0.09	0.084	0.076	0.069	0.061	0.053	0.05
F2	0.05	0.052	0.055	0.062	0.065	0.076	0.094	0.12	0.139	0.155	0.172	0.189	0.209	0.225	0.237	0.245	0.248	0.253	0.255	0.256	0.255	0.263	0.261	0.258	0.258	0.255	0.254	0.254	0.252	0.25	0.25	0.249	0.248	0.246	0.245	0.244	0.241	0.241	0.238	0.238	0.237	0.235	0.234	0.234	0.232	0.231	0.229	0.229	0.228	0.226	0.224	0.224	0.223	0.223	0.223
F3	0.052	0.055	0.058	0.066	0.07	0.083	0.106	0.136	0.161	0.178	0.196	0.216	0.236	0.259	0.279	0.293	0.304	0.308	0.312	0.317	0.318	0.324	0.319	0.32	0.321	0.32	0.316	0.314	0.312	0.31	0.311	0.309	0.307	0.306	0.304	0.304	0.299	0.299	0.296	0.296	0.295	0.292	0.293	0.293	0.29	0.29	0.289	0.288	0.288	0.286	0.284	0.283	0.281	0.28	0.28
F4	0.053	0.056	0.06	0.064	0.072	0.086	0.111	0.146	0.172	0.189	0.208	0.232	0.255	0.283	0.306	0.326	0.335	0.345	0.352	0.356	0.359	0.369	0.365	0.359	0.359	0.361	0.356	0.352	0.348	0.343	0.341	0.339	0.338	0.336	0.334	0.333	0.33	0.329	0.327	0.326	0.325	0.322	0.321	0.321	0.318	0.318	0.317	0.317	0.316	0.316	0.315	0.313	0.311	0.312	0.312
F5	0.053	0.069	0.069	0.063	0.075	0.085	0.109	0.141	0.164	0.182	0.199	0.222	0.24	0.266	0.285	0.298	0.31	0.315	0.321	0.323	0.342	0.336	0.329	0.328	0.332	0.335	0.331	0.327	0.325	0.323	0.324	0.323	0.32	0.319	0.326	0.321	0.313	0.312	0.31	0.31	0.308	0.306	0.306	0.304	0.305	0.302	0.3	0.299	0.306	0.304	0.296	0.294	0.293	0.293	0.292
F6	0.05	0.053	0.057	0.063	0.069	0.082	0.108	0.141	0.165	0.182	0.2	0.221	0.242	0.268	0.288	0.305	0.315	0.321	0.327	0.332	0.336	0.345	0.34	0.341	0.342	0.343	0.339	0.336	0.331	0.327	0.327	0.327	0.324	0.322	0.32	0.318	0.315	0.315	0.313	0.313	0.311	0.309	0.308	0.308	0.306	0.306	0.304	0.303	0.303	0.301	0.3	0.299	0.298	0.298	0.298
F7	0.052	0.055	0.059	0.063	0.07	0.084	0.109	0.141	0.164	0.18	0.198	0.22	0.242	0.265	0.285	0.301	0.308	0.313	0.319	0.322	0.324	0.331	0.328	0.327	0.332	0.332	0.328	0.326	0.324	0.32	0.32	0.319	0.316	0.314	0.312	0.311	0.308	0.308	0.306	0.306	0.306	0.304	0.304	0.304	0.301	0.302	0.299	0.297	0.295	0.293	0.293	0.292	0.29	0.289	0.289
F8	0.054	0.056	0.06	0.063	0.072	0.086	0.111	0.143	0.167	0.184	0.202	0.223	0.245	0.268	0.288	0.304	0.313	0.318	0.323	0.327	0.33	0.339	0.335	0.336	0.34	0.339	0.335	0.333	0.328	0.325	0.323	0.32	0.318	0.314	0.314	0.313	0.31	0.309	0.307	0.306	0.305	0.303	0.302	0.301	0.299	0.299	0.298	0.298	0.297	0.296	0.298	0.299	0.293	0.292	0.291
F9	0.051	0.053	0.057	0.064	0.069	0.082	0.105	0.138	0.163	0.18	0.198	0.219	0.239	0.265	0.286	0.304	0.318	0.323	0.329	0.335	0.339	0.344	0.339	0.34	0.342	0.341	0.338	0.335	0.332	0.327	0.327	0.324	0.319	0.318	0.315	0.314	0.313	0.311	0.311	0.309	0.307	0.306	0.304	0.303	0.302	0.302	0.3	0.3	0.3	0.301	0.3	0.3	0.293	0.292	0.293
F10	0.05	0.053	0.057	0.065	0.069	0.082	0.107	0.142	0.167	0.184	0.201	0.222	0.242	0.269	0.292	0.311	0.32	0.33	0.334	0.338	0.34	0.344	0.34	0.34	0.343	0.342	0.335	0.332	0.327	0.324	0.323	0.32	0.317	0.315	0.313	0.311	0.31	0.308	0.307	0.306	0.304	0.302	0.301	0.3	0.298	0.297	0.296	0.296	0.295	0.294	0.293	0.291	0.289	0.288	0.287
F11	0.051	0.054	0.058	0.065	0.07	0.083	0.107	0.14	0.166	0.183	0.2	0.22	0.24	0.265	0.285	0.301	0.314	0.315	0.319	0.323	0.323	0.33	0.32	0.323	0.323	0.32	0.315	0.311	0.307	0.307	0.306	0.304	0.303	0.301	0.299	0.298	0.295	0.295	0.292	0.291	0.29	0.288	0.286	0.287	0.284	0.285	0.283	0.282	0.28	0.279	0.278	0.276	0.274	0.274	0.273
F12	0.052	0.054	0.058	0.064	0.068	0.08	0.093	0.124	0.145	0.17	0.186	0.203	0.224	0.245	0.26	0.267	0.259	0.262	0.263	0.266	0.266	0.293	0.278	0.271	0.263	0.258	0.251	0.246	0.243	0.238	0.233	0.229	0.226	0.222	0.22	0.216	0.213	0.209	0.206	0.203	0.199	0.196	0.192	0.189	0.185	0.181	0.177	0.172	0.167	0.163	0.157	0.15	0.144	0.139	0.133
G1	0.052	0.058	0.069	0.087	0.097	0.125	0.151	0.16	0.169	0.174	0.178	0.182	0.184	0.187	0.195	0.195	0.2	0.201	0.203	0.21	0.214	0.235	0.216	0.214	0.205	0.2	0.191	0.185	0.184	0.179	0.178	0.173	0.17	0.167	0.162	0.156	0.154	0.148	0.144	0.143	0.143	0.139	0.138	0.135	0.133	0.13	0.128	0.124	0.119	0.114	0.108	0.103	0.099	0.094	0.091
G2	0.048	0.05	0.055	0.087	0.068	0.081	0.087	0.092	0.096	0.098	0.101	0.102	0.104	0.104	0.104	0.106	0.105	0.107	0.106	0.107	0.107	0.118	0.109	0.107	0.106	0.106	0.105	0.104	0.105	0.104	0.105	0.105	0.102	0.101	0.099	0.099	0.098	0.097	0.096	0.097	0.095	0.095	0.093	0.092	0.09	0.089	0.088	0.086	0.085	0.084	0.083	0.082	0.08	0.078	0.078
G3	0.057	0.063	0.072	0.085	0.099	0.126	0.146	0.158	0.167	0.175	0.181	0.186	0.19	0.195	0.199	0.202	0.205	0.208	0.211	0.214	0.217	0.228	0.224	0.226	0.226	0.225	0.225	0.224	0.222	0.22	0.22	0.218	0.217	0.216	0.215	0.215	0.214	0.213	0.212	0.213	0.214	0.212	0.211	0.21	0.209	0.208	0.21	0.209	0.208	0.209	0.21	0.209	0.207	0.208	0.207
G4	0.055	0.061	0.071	0.085	0.099	0.128	0.146	0.157	0.165	0.172	0.177	0.182	0.186	0.192	0.196	0.199	0.202	0.205	0.207	0.209	0.213	0.222	0.219	0.221	0.222	0.219	0.219	0.218	0.216	0.214	0.214	0.213	0.213	0.212	0.212	0.213	0.21	0.21	0.21	0.208	0.209	0.208	0.207	0.206	0.206	0.208	0.207	0.209	0.208	0.207	0.207	0.207	0.204	0.206	0.206
G5	0.054	0.061	0.072	0.083	0.1	0.127	0.145	0.156	0.164	0.17	0.174	0.18	0.183	0.188	0.191	0.195	0.197	0.199	0.201	0.203	0.207	0.216	0.216	0.216	0.217	0.217	0.215	0.214	0.213	0.212	0.211	0.21	0.209	0.209	0.209	0.209	0.206	0.208	0.205	0.206	0.206	0.203	0.204	0.205	0.204	0.204	0.206	0.206	0.206	0.205	0.204	0.203	0.202	0.2	0.203
G6	0.053	0.06	0.071	0.084	0.1	0.129	0.145	0.156	0.164	0.17	0.174	0.18	0.183	0.188	0.191	0.194	0.196	0.2	0.202	0.203	0.206	0.214	0.215	0.216	0.217	0.215	0.215	0.214	0.212	0.211	0.211	0.21	0.21	0.209	0.209	0.209	0.207	0.205	0.205	0.205	0.205	0.203	0.202	0.202	0.202	0.203	0.202	0.203	0.204	0.202	0.202	0.202	0.2	0.198	0.199
G7	0.052	0.059	0.07	0.076	0.098	0.127	0.142	0.153	0.161	0.166	0.17	0.175	0.177	0.182	0.186	0.189	0.19	0.193	0.195	0.197	0.2	0.209	0.208	0.208	0.209	0.208	0.206	0.207	0.204	0.203	0.202	0.202	0.2	0.2	0.201	0.201	0.198	0.199	0.195	0.195	0.195	0.193	0.192	0.194	0.191	0.193	0.192	0.192	0.191	0.193	0.191	0.191	0.189	0.189	0.19
G8	0.053	0.06	0.071	0.082	0.1	0.127	0.144	0.155	0.162	0.168	0.175	0.178	0.181	0.186	0.19	0.194	0.196	0.2	0.203	0.204	0.207	0.217	0.215	0.214	0.215	0.214	0.213	0.212	0.21	0.208	0.208	0.207	0.207	0.207	0.205	0.205	0.202	0.203	0.201	0.202	0.201	0.199	0.199	0.199	0.197	0.197	0.196	0.196	0.197	0.197	0.196	0.197	0.193	0.194	0.193
G9	0.053	0.059	0.069	0.078	0.097	0.123	0.143	0.154	0.164	0.171	0.176	0.181	0.181	0.189	0.192	0.196	0.199	0.202	0.206	0.207	0.21	0.222	0.22	0.22	0.221	0.22	0.22	0.219	0.217	0.214	0.213	0.212	0.21	0.21	0.21	0.21	0.206	0.207	0.205	0.208	0.209	0.204	0.204	0.205	0.202	0.203	0.204	0.204	0.204	0.202	0.201	0.202	0.197	0.199	0.201
G10	0.052	0.058	0.069	0.077	0.097	0.124	0.143	0.155	0.163	0.17	0.176	0.181	0.183	0.188	0.192	0.196	0.199	0.203	0.207	0.207	0.211	0.222	0.223	0.221	0.221	0.219	0.218	0.218	0.217	0.213	0.212	0.211	0.21	0.209	0.208	0.208	0.205	0.205	0.204	0.204	0.203	0.201	0.2	0.203	0.199	0.201	0.201	0.2	0.199	0.2	0.2	0.199	0.195	0.197	0.197
G11	0.052	0.058	0.068	0.075	0.095	0.122	0.142	0.152	0.163	0.17	0.175	0.18	0.181	0.187	0.191	0.194	0.197	0.201	0.204	0.205	0.208	0.218	0.217	0.216	0.216	0.214	0.211	0.21	0.208	0.207	0.205	0.205	0.203	0.202	0.2	0.2	0.195	0.195	0.192	0.194	0.192	0.188	0.188	0.19	0.186	0.187	0.187	0.188	0.186	0.186	0.186	0.185	0.183	0.183	0.183
G12	0.055	0.06	0.071	0.076	0.098	0.126	0.145	0.154	0.162	0.167	0.171	0.172	0.169	0.175	0.174	0.175	0.175	0.176	0.18	0.182	0.18	0.2	0.184	0.18	0.178	0.175	0.17	0.167	0.166	0.162	0.16	0.156	0.154	0.153	0.151	0.147	0.144	0.14	0.137	0.134	0.131	0.128	0.125	0.122	0.119	0.117	0.114	0.11	0.107	0.104	0.101	0.096	0.093	0.09	0.087
H1	0.05	0.053	0.062	0.072	0.101	0.119	0.135	0.149	0.163	0.164	0.135	0.11	0.109	0.116	0.112	0.107	0.11	0.113	0.113	0.109	0.109	0.114	0.113	0.107	0.12	0.122	0.124	0.136	0.114	0.112	0.112	0.094	0.1	0.092	0.084	0.082	0.074	0.068	0.065	0.055	0.054	0.05	0.053	0.077	0.086	0.084	0.077	0.074	0.08	0.083	0.082	0.085	0.088	0.09	0.094
H2	0.053	0.056	0.066	0.091	0.104	0.132	0.152	0.169	0.18	0.181	0.162	0.124	0.109	0.113	0.124	0.132	0.127	0.135	0.136	0.131	0.123	0.124	0.122	0.124	0.128	0.129	0.128	0.136	0.14	0.134	0.132	0.132	0.126	0.124	0.12	0.128	0.118	0.116	0.118	0.122	0.115	0.108	0.11	0.103	0.099	0.095	0.096	0.089	0.088	0.081	0.077	0.077	0.072	0.065	0.061
H3	0.052	0.055	0.065	0.093	0.107	0.132	0.154	0.162	0.179	0.189	0.166	0.125	0.11	0.113	0.12	0.13	0.132	0.148	0.15	0.14	0.14	0.134	0.13	0.13	0.133	0.135	0.127	0.137	0.139	0.143	0.14	0.134	0.137	0.132	0.131	0.132	0.13	0.128	0.117	0.121	0.116	0.115	0.119	0.119	0.114	0.098	0.103	0.099	0.1	0.101	0.091	0.091	0.086	0.092	0.084
H4	0.052	0.056	0.066	0.09	0.109	0.133	0.155	0.162	0.178	0.184	0.162	0.127	0.11	0.111	0.119	0.128	0.135	0.143	0.145	0.149	0.14	0.136	0.137	0.138	0.137	0.138	0.138	0.144	0.144	0.141	0.14	0.143	0.134	0.131	0.129	0.13	0.13	0.121	0.12	0.116	0.119	0.112	0.119	0.129	0.108	0.105	0.104	0.103	0.104	0.104	0.107	0.09	0.088	0.086	0.083
H5	0.051	0.055	0.065	0.087	0.107	0.131	0.15	0.158	0.175	0.179	0.159	0.127	0.11	0.113	0.124	0.133	0.139	0.152	0.151	0.148	0.145	0.142	0.14	0.141	0.14	0.14	0.134	0.142	0.146	0.143	0.144	0.142	0.138	0.136	0.13	0.13	0.126	0.124	0.123	0.12	0.119	0.115	0.138	0.151	0.158	0.115	0.109	0.098	0.097	0.114	0.095	0.099	0.119	0.096	0.082
H6	0.051	0.055	0.064	0.089	0.109	0.134	0.155	0.163	0.181	0.179	0.152	0.12	0.103	0.109	0.118	0.13	0.134	0.146	0.142	0.142	0.137	0.142	0.138	0.141	0.139	0.128	0.13	0.136	0.139	0.138	0.136	0.136	0.132	0.126	0.128	0.123	0.122	0.129	0.115	0.163	0.198	0.122	0.106	0.103	0.143	0.128	0.101	0.097	0.107	0.092	0.1	0.087	0.086	0.082	0.08
H7	0.05	0.055	0.066	0.079	0.114	0.14	0.153	0.165	0.183	0.18	0.15	0.114	0.105	0.113	0.123	0.126	0.128	0.135	0.137	0.135	0.129	0.135	0.131	0.138	0.14	0.135	0.131	0.133	0.144	0.142	0.14	0.134	0.129	0.162	0.126	0.123	0.131	0.116	0.118	0.144	0.11	0.107	0.104	0.107	0.109	0.111	0.103	0.092	0.101	0.094	0.087	0.085	0.084	0.083	0.075
H8	0.052	0.056	0.066	0.078	0.115	0.139	0.15	0.161	0.178	0.177	0.152	0.118	0.11	0.114	0.123	0.128	0.131	0.139	0.137	0.135	0.13	0.132	0.131	0.144	0.147	0.135	0.139	0.142	0.141	0.149	0.142	0.139	0.13	0.132	0.126	0.135	0.132	0.113	0.131	0.113	0.112	0.115	0.104	0.096	0.106	0.094	0.096	0.09	0.094	0.084	0.09	0.08	0.075	0.076	0.069
H9	0.053	0.057	0.069	0.083	0.112	0.137	0.157	0.17	0.187	0.187	0.159	0.125	0.106	0.108	0.117	0.124	0.127	0.127	0.129	0.128	0.127	0.128	0.13	0.127	0.133	0.138	0.131	0.138	0.139	0.14	0.136	0.13	0.13	0.129	0.12	0.124	0.122	0.122	0.12	0.114	0.115	0.125	0.11	0.105	0.112	0.096	0.097	0.091	0.1	0.096	0.083	0.081	0.077	0.077	0.071
H10	0.051	0.055	0.066	0.05	0.11	0.136	0.152	0.16	0.18	0.179	0.152	0.114	0.102	0.104	0.113	0.121	0.123	0.125	0.127	0.129	0.126	0.129	0.124	0.125	0.128	0.135	0.131	0.132	0.133	0.131	0.13	0.125	0.124	0.117	0.116	0.114	0.128	0.116	0.118	0.105	0.104	0.1	0.105	0.111	0.096	0.097	0.092	0.09	0.088	0.086	0.082	0.082	0.08	0.076	0.078
H11	0.051	0.055	0.067	0.05	0.114	0.143	0.157	0.166	0.182	0.183	0.154	0.116	0.102	0.102	0.116	0.121	0.124	0.128	0.127	0.132	0.126	0.13	0.127	0.124	0.127	0.129	0.129	0.128	0.124	0.123	0.121	0.119	0.121	0.113	0.112	0.113	0.109	0.107	0.107	0.102	0.103	0.099	0.095	0.095	0.091	0.089	0.088	0.082	0.081	0.078	0.074	0.08	0.068	0.077	0.065
H12	0.051	0.056	0.067	0.053	0.112	0.136	0.148	0.158	0.171	0.171	0.137	0.107	0.103	0.109	0.118	0.125	0.117	0.117	0.118	0.116	0.116	0.111	0.113	0.107	0.113	0.111	0.111	0.116	0.111	0.113	0.138	0.108	0.094	0.097	0.108	0.091	0.081	0.081	0.076	0.077	0.066	0.066	0.056	0.052	0.051	0.05	0.05	0.05	0.048	0.045	0.043	0.044	0.045	0.046	0.048
