Copper,Nickel,Chloramphenicol,Ampicillin,Metaldehyde,Atrazine,Tebuconazole,Azoxystrobin,Dest.Column,Dest.Row,Dest.Plate
0,0,0,0,0,0,0,0,1,A,1
1,0,0,0,0,0,0,0,1,B,1
0,1,0,0,0,0,0,0,1,C,1
0,0,1,0,0,0,0,0,1,D,1
0,0,0,1,0,0,0,0,1,E,1
0,0,0,0,1,0,0,0,1,F,1
0,0,0,0,0,1,0,0,1,G,1
0,0,0,0,0,0,1,0,1,H,1
0,0,0,0,0,0,0,1,2,A,1
1,1,0,0,0,0,0,0,2,B,1
1,0,1,0,0,0,0,0,2,C,1
1,0,0,1,0,0,0,0,2,D,1
1,0,0,0,1,0,0,0,2,E,1
1,0,0,0,0,1,0,0,2,F,1
1,0,0,0,0,0,1,0,2,G,1
1,0,0,0,0,0,0,1,2,H,1
0,1,1,0,0,0,0,0,3,A,1
0,1,0,1,0,0,0,0,3,B,1
0,1,0,0,1,0,0,0,3,C,1
0,1,0,0,0,1,0,0,3,D,1
0,1,0,0,0,0,1,0,3,E,1
0,1,0,0,0,0,0,1,3,F,1
0,0,1,1,0,0,0,0,3,G,1
0,0,1,0,1,0,0,0,3,H,1
0,0,1,0,0,1,0,0,4,A,1
0,0,1,0,0,0,1,0,4,B,1
0,0,1,0,0,0,0,1,4,C,1
0,0,0,1,1,0,0,0,4,D,1
0,0,0,1,0,1,0,0,4,E,1
0,0,0,1,0,0,1,0,4,F,1
0,0,0,1,0,0,0,1,4,G,1
0,0,0,0,1,1,0,0,4,H,1
0,0,0,0,1,0,1,0,5,A,1
0,0,0,0,1,0,0,1,5,B,1
0,0,0,0,0,1,1,0,5,C,1
0,0,0,0,0,1,0,1,5,D,1
0,0,0,0,0,0,1,1,5,E,1
1,1,1,0,0,0,0,0,5,F,1
1,1,0,1,0,0,0,0,5,G,1
1,1,0,0,1,0,0,0,5,H,1
1,1,0,0,0,1,0,0,6,A,1
1,1,0,0,0,0,1,0,6,B,1
1,1,0,0,0,0,0,1,6,C,1
1,0,1,1,0,0,0,0,6,D,1
1,0,1,0,1,0,0,0,6,E,1
1,0,1,0,0,1,0,0,6,F,1
1,0,1,0,0,0,1,0,6,G,1
1,0,1,0,0,0,0,1,6,H,1
1,0,0,1,1,0,0,0,7,A,1
1,0,0,1,0,1,0,0,7,B,1
1,0,0,1,0,0,1,0,7,C,1
1,0,0,1,0,0,0,1,7,D,1
1,0,0,0,1,1,0,0,7,E,1
1,0,0,0,1,0,1,0,7,F,1
1,0,0,0,1,0,0,1,7,G,1
1,0,0,0,0,1,1,0,7,H,1
1,0,0,0,0,1,0,1,8,A,1
1,0,0,0,0,0,1,1,8,B,1
0,1,1,1,0,0,0,0,8,C,1
0,1,1,0,1,0,0,0,8,D,1
0,1,1,0,0,1,0,0,8,E,1
0,1,1,0,0,0,1,0,8,F,1
0,1,1,0,0,0,0,1,8,G,1
0,1,0,1,1,0,0,0,8,H,1
0,1,0,1,0,1,0,0,9,A,1
0,1,0,1,0,0,1,0,9,B,1
0,1,0,1,0,0,0,1,9,C,1
0,1,0,0,1,1,0,0,9,D,1
0,1,0,0,1,0,1,0,9,E,1
0,1,0,0,1,0,0,1,9,F,1
0,1,0,0,0,1,1,0,9,G,1
0,1,0,0,0,1,0,1,9,H,1
0,1,0,0,0,0,1,1,10,A,1
0,0,1,1,1,0,0,0,10,B,1
0,0,1,1,0,1,0,0,10,C,1
0,0,1,1,0,0,1,0,10,D,1
0,0,1,1,0,0,0,1,10,E,1
0,0,1,0,1,1,0,0,10,F,1
0,0,1,0,1,0,1,0,10,G,1
0,0,1,0,1,0,0,1,10,H,1
0,0,1,0,0,1,1,0,11,A,1
0,0,1,0,0,1,0,1,11,B,1
0,0,1,0,0,0,1,1,11,C,1
0,0,0,1,1,1,0,0,11,D,1
0,0,0,1,1,0,1,0,11,E,1
0,0,0,1,1,0,0,1,11,F,1
0,0,0,1,0,1,1,0,11,G,1
0,0,0,1,0,1,0,1,11,H,1
0,0,0,1,0,0,1,1,12,A,1
0,0,0,0,1,1,1,0,12,B,1
0,0,0,0,1,1,0,1,12,C,1
0,0,0,0,1,0,1,1,12,D,1
0,0,0,0,0,1,1,1,12,E,1
1,1,1,1,0,0,0,0,12,F,1
1,1,1,0,1,0,0,0,12,G,1
1,1,1,0,0,1,0,0,12,H,1
1,1,1,0,0,0,1,0,1,A,2
1,1,1,0,0,0,0,1,1,B,2
1,1,0,1,1,0,0,0,1,C,2
1,1,0,1,0,1,0,0,1,D,2
1,1,0,1,0,0,1,0,1,E,2
1,1,0,1,0,0,0,1,1,F,2
1,1,0,0,1,1,0,0,1,G,2
1,1,0,0,1,0,1,0,1,H,2
1,1,0,0,1,0,0,1,2,A,2
1,1,0,0,0,1,1,0,2,B,2
1,1,0,0,0,1,0,1,2,C,2
1,1,0,0,0,0,1,1,2,D,2
1,0,1,1,1,0,0,0,2,E,2
1,0,1,1,0,1,0,0,2,F,2
1,0,1,1,0,0,1,0,2,G,2
1,0,1,1,0,0,0,1,2,H,2
1,0,1,0,1,1,0,0,3,A,2
1,0,1,0,1,0,1,0,3,B,2
1,0,1,0,1,0,0,1,3,C,2
1,0,1,0,0,1,1,0,3,D,2
1,0,1,0,0,1,0,1,3,E,2
1,0,1,0,0,0,1,1,3,F,2
1,0,0,1,1,1,0,0,3,G,2
1,0,0,1,1,0,1,0,3,H,2
1,0,0,1,1,0,0,1,4,A,2
1,0,0,1,0,1,1,0,4,B,2
1,0,0,1,0,1,0,1,4,C,2
1,0,0,1,0,0,1,1,4,D,2
1,0,0,0,1,1,1,0,4,E,2
1,0,0,0,1,1,0,1,4,F,2
1,0,0,0,1,0,1,1,4,G,2
1,0,0,0,0,1,1,1,4,H,2
0,1,1,1,1,0,0,0,5,A,2
0,1,1,1,0,1,0,0,5,B,2
0,1,1,1,0,0,1,0,5,C,2
0,1,1,1,0,0,0,1,5,D,2
0,1,1,0,1,1,0,0,5,E,2
0,1,1,0,1,0,1,0,5,F,2
0,1,1,0,1,0,0,1,5,G,2
0,1,1,0,0,1,1,0,5,H,2
0,1,1,0,0,1,0,1,6,A,2
0,1,1,0,0,0,1,1,6,B,2
0,1,0,1,1,1,0,0,6,C,2
0,1,0,1,1,0,1,0,6,D,2
0,1,0,1,1,0,0,1,6,E,2
0,1,0,1,0,1,1,0,6,F,2
0,1,0,1,0,1,0,1,6,G,2
0,1,0,1,0,0,1,1,6,H,2
0,1,0,0,1,1,1,0,7,A,2
0,1,0,0,1,1,0,1,7,B,2
0,1,0,0,1,0,1,1,7,C,2
0,1,0,0,0,1,1,1,7,D,2
0,0,1,1,1,1,0,0,7,E,2
0,0,1,1,1,0,1,0,7,F,2
0,0,1,1,1,0,0,1,7,G,2
0,0,1,1,0,1,1,0,7,H,2
0,0,1,1,0,1,0,1,8,A,2
0,0,1,1,0,0,1,1,8,B,2
0,0,1,0,1,1,1,0,8,C,2
0,0,1,0,1,1,0,1,8,D,2
0,0,1,0,1,0,1,1,8,E,2
0,0,1,0,0,1,1,1,8,F,2
0,0,0,1,1,1,1,0,8,G,2
0,0,0,1,1,1,0,1,8,H,2
0,0,0,1,1,0,1,1,9,A,2
0,0,0,1,0,1,1,1,9,B,2
0,0,0,0,1,1,1,1,9,C,2
1,1,1,1,1,0,0,0,9,D,2
1,1,1,1,0,1,0,0,9,E,2
1,1,1,1,0,0,1,0,9,F,2
1,1,1,1,0,0,0,1,9,G,2
1,1,1,0,1,1,0,0,9,H,2
1,1,1,0,1,0,1,0,10,A,2
1,1,1,0,1,0,0,1,10,B,2
1,1,1,0,0,1,1,0,10,C,2
1,1,1,0,0,1,0,1,10,D,2
1,1,1,0,0,0,1,1,10,E,2
1,1,0,1,1,1,0,0,10,F,2
1,1,0,1,1,0,1,0,10,G,2
1,1,0,1,1,0,0,1,10,H,2
1,1,0,1,0,1,1,0,11,A,2
1,1,0,1,0,1,0,1,11,B,2
1,1,0,1,0,0,1,1,11,C,2
1,1,0,0,1,1,1,0,11,D,2
1,1,0,0,1,1,0,1,11,E,2
1,1,0,0,1,0,1,1,11,F,2
1,1,0,0,0,1,1,1,11,G,2
1,0,1,1,1,1,0,0,11,H,2
1,0,1,1,1,0,1,0,12,A,2
1,0,1,1,1,0,0,1,12,B,2
1,0,1,1,0,1,1,0,12,C,2
1,0,1,1,0,1,0,1,12,D,2
1,0,1,1,0,0,1,1,12,E,2
1,0,1,0,1,1,1,0,12,F,2
1,0,1,0,1,1,0,1,12,G,2
1,0,1,0,1,0,1,1,12,H,2
1,0,1,0,0,1,1,1,1,A,3
1,0,0,1,1,1,1,0,1,B,3
1,0,0,1,1,1,0,1,1,C,3
1,0,0,1,1,0,1,1,1,D,3
1,0,0,1,0,1,1,1,1,E,3
1,0,0,0,1,1,1,1,1,F,3
0,1,1,1,1,1,0,0,1,G,3
0,1,1,1,1,0,1,0,1,H,3
0,1,1,1,1,0,0,1,2,A,3
0,1,1,1,0,1,1,0,2,B,3
0,1,1,1,0,1,0,1,2,C,3
0,1,1,1,0,0,1,1,2,D,3
0,1,1,0,1,1,1,0,2,E,3
0,1,1,0,1,1,0,1,2,F,3
0,1,1,0,1,0,1,1,2,G,3
0,1,1,0,0,1,1,1,2,H,3
0,1,0,1,1,1,1,0,3,A,3
0,1,0,1,1,1,0,1,3,B,3
0,1,0,1,1,0,1,1,3,C,3
0,1,0,1,0,1,1,1,3,D,3
0,1,0,0,1,1,1,1,3,E,3
0,0,1,1,1,1,1,0,3,F,3
0,0,1,1,1,1,0,1,3,G,3
0,0,1,1,1,0,1,1,3,H,3
0,0,1,1,0,1,1,1,4,A,3
0,0,1,0,1,1,1,1,4,B,3
0,0,0,1,1,1,1,1,4,C,3
1,1,1,1,1,1,0,0,4,D,3
1,1,1,1,1,0,1,0,4,E,3
1,1,1,1,1,0,0,1,4,F,3
1,1,1,1,0,1,1,0,4,G,3
1,1,1,1,0,1,0,1,4,H,3
1,1,1,1,0,0,1,1,5,A,3
1,1,1,0,1,1,1,0,5,B,3
1,1,1,0,1,1,0,1,5,C,3
1,1,1,0,1,0,1,1,5,D,3
1,1,1,0,0,1,1,1,5,E,3
1,1,0,1,1,1,1,0,5,F,3
1,1,0,1,1,1,0,1,5,G,3
1,1,0,1,1,0,1,1,5,H,3
1,1,0,1,0,1,1,1,6,A,3
1,1,0,0,1,1,1,1,6,B,3
1,0,1,1,1,1,1,0,6,C,3
1,0,1,1,1,1,0,1,6,D,3
1,0,1,1,1,0,1,1,6,E,3
1,0,1,1,0,1,1,1,6,F,3
1,0,1,0,1,1,1,1,6,G,3
1,0,0,1,1,1,1,1,6,H,3
0,1,1,1,1,1,1,0,7,A,3
0,1,1,1,1,1,0,1,7,B,3
0,1,1,1,1,0,1,1,7,C,3
0,1,1,1,0,1,1,1,7,D,3
0,1,1,0,1,1,1,1,7,E,3
0,1,0,1,1,1,1,1,7,F,3
0,0,1,1,1,1,1,1,7,G,3
1,1,1,1,1,1,1,0,7,H,3
1,1,1,1,1,1,0,1,8,A,3
1,1,1,1,1,0,1,1,8,B,3
1,1,1,1,0,1,1,1,8,C,3
1,1,1,0,1,1,1,1,8,D,3
1,1,0,1,1,1,1,1,8,E,3
1,0,1,1,1,1,1,1,8,F,3
0,1,1,1,1,1,1,1,8,G,3
1,1,1,1,1,1,1,1,8,H,3
0,0,0,0,0,0,0,0,9,A,3
0,0,0,0,0,0,0,0,9,B,3
0,0,0,0,0,0,0,0,9,C,3
0,0,0,0,0,0,0,0,9,D,3
0,0,0,0,0,0,0,0,9,E,3
0,0,0,0,0,0,0,0,9,F,3
0,0,0,0,0,0,0,0,9,G,3
0,0,0,0,0,0,0,0,9,H,3
0,0,0,0,0,0,0,0,10,A,3
0,0,0,0,0,0,0,0,10,B,3
0,0,0,0,0,0,0,0,10,C,3
0,0,0,0,0,0,0,0,10,D,3
0,0,0,0,0,0,0,0,10,E,3
0,0,0,0,0,0,0,0,10,F,3
0,0,0,0,0,0,0,0,10,G,3
0,0,0,0,0,0,0,0,10,H,3
0,0,0,0,0,0,0,0,11,A,3
0,0,0,0,0,0,0,0,11,B,3
0,0,0,0,0,0,0,0,11,C,3
0,0,0,0,0,0,0,0,11,D,3
0,0,0,0,0,0,0,0,11,E,3
0,0,0,0,0,0,0,0,11,F,3
0,0,0,0,0,0,0,0,11,G,3
0,0,0,0,0,0,0,0,11,H,3
0,0,0,0,0,0,0,0,12,A,3
0,0,0,0,0,0,0,0,12,B,3
0,0,0,0,0,0,0,0,12,C,3
0,0,0,0,0,0,0,0,12,D,3
0,0,0,0,0,0,0,0,12,E,3
0,0,0,0,0,0,0,0,12,F,3
0,0,0,0,0,0,0,0,12,G,3
0,0,0,0,0,0,0,0,12,H,3
0,0,0,0,0,0,0,0,1,A,4
1,0,0,0,0,0,0,0,1,B,4
0,1,0,0,0,0,0,0,1,C,4
0,0,1,0,0,0,0,0,1,D,4
0,0,0,1,0,0,0,0,1,E,4
0,0,0,0,1,0,0,0,1,F,4
0,0,0,0,0,1,0,0,1,G,4
0,0,0,0,0,0,1,0,1,H,4
0,0,0,0,0,0,0,1,2,A,4
1,1,0,0,0,0,0,0,2,B,4
1,0,1,0,0,0,0,0,2,C,4
1,0,0,1,0,0,0,0,2,D,4
1,0,0,0,1,0,0,0,2,E,4
1,0,0,0,0,1,0,0,2,F,4
1,0,0,0,0,0,1,0,2,G,4
1,0,0,0,0,0,0,1,2,H,4
0,1,1,0,0,0,0,0,3,A,4
0,1,0,1,0,0,0,0,3,B,4
0,1,0,0,1,0,0,0,3,C,4
0,1,0,0,0,1,0,0,3,D,4
0,1,0,0,0,0,1,0,3,E,4
0,1,0,0,0,0,0,1,3,F,4
0,0,1,1,0,0,0,0,3,G,4
0,0,1,0,1,0,0,0,3,H,4
0,0,1,0,0,1,0,0,4,A,4
0,0,1,0,0,0,1,0,4,B,4
0,0,1,0,0,0,0,1,4,C,4
0,0,0,1,1,0,0,0,4,D,4
0,0,0,1,0,1,0,0,4,E,4
0,0,0,1,0,0,1,0,4,F,4
0,0,0,1,0,0,0,1,4,G,4
0,0,0,0,1,1,0,0,4,H,4
0,0,0,0,1,0,1,0,5,A,4
0,0,0,0,1,0,0,1,5,B,4
0,0,0,0,0,1,1,0,5,C,4
0,0,0,0,0,1,0,1,5,D,4
0,0,0,0,0,0,1,1,5,E,4
1,1,1,0,0,0,0,0,5,F,4
1,1,0,1,0,0,0,0,5,G,4
1,1,0,0,1,0,0,0,5,H,4
1,1,0,0,0,1,0,0,6,A,4
1,1,0,0,0,0,1,0,6,B,4
1,1,0,0,0,0,0,1,6,C,4
1,0,1,1,0,0,0,0,6,D,4
1,0,1,0,1,0,0,0,6,E,4
1,0,1,0,0,1,0,0,6,F,4
1,0,1,0,0,0,1,0,6,G,4
1,0,1,0,0,0,0,1,6,H,4
1,0,0,1,1,0,0,0,7,A,4
1,0,0,1,0,1,0,0,7,B,4
1,0,0,1,0,0,1,0,7,C,4
1,0,0,1,0,0,0,1,7,D,4
1,0,0,0,1,1,0,0,7,E,4
1,0,0,0,1,0,1,0,7,F,4
1,0,0,0,1,0,0,1,7,G,4
1,0,0,0,0,1,1,0,7,H,4
1,0,0,0,0,1,0,1,8,A,4
1,0,0,0,0,0,1,1,8,B,4
0,1,1,1,0,0,0,0,8,C,4
0,1,1,0,1,0,0,0,8,D,4
0,1,1,0,0,1,0,0,8,E,4
0,1,1,0,0,0,1,0,8,F,4
0,1,1,0,0,0,0,1,8,G,4
0,1,0,1,1,0,0,0,8,H,4
0,1,0,1,0,1,0,0,9,A,4
0,1,0,1,0,0,1,0,9,B,4
0,1,0,1,0,0,0,1,9,C,4
0,1,0,0,1,1,0,0,9,D,4
0,1,0,0,1,0,1,0,9,E,4
0,1,0,0,1,0,0,1,9,F,4
0,1,0,0,0,1,1,0,9,G,4
0,1,0,0,0,1,0,1,9,H,4
0,1,0,0,0,0,1,1,10,A,4
0,0,1,1,1,0,0,0,10,B,4
0,0,1,1,0,1,0,0,10,C,4
0,0,1,1,0,0,1,0,10,D,4
0,0,1,1,0,0,0,1,10,E,4
0,0,1,0,1,1,0,0,10,F,4
0,0,1,0,1,0,1,0,10,G,4
0,0,1,0,1,0,0,1,10,H,4
0,0,1,0,0,1,1,0,11,A,4
0,0,1,0,0,1,0,1,11,B,4
0,0,1,0,0,0,1,1,11,C,4
0,0,0,1,1,1,0,0,11,D,4
0,0,0,1,1,0,1,0,11,E,4
0,0,0,1,1,0,0,1,11,F,4
0,0,0,1,0,1,1,0,11,G,4
0,0,0,1,0,1,0,1,11,H,4
0,0,0,1,0,0,1,1,12,A,4
0,0,0,0,1,1,1,0,12,B,4
0,0,0,0,1,1,0,1,12,C,4
0,0,0,0,1,0,1,1,12,D,4
0,0,0,0,0,1,1,1,12,E,4
1,1,1,1,0,0,0,0,12,F,4
1,1,1,0,1,0,0,0,12,G,4
1,1,1,0,0,1,0,0,12,H,4
1,1,1,0,0,0,1,0,1,A,5
1,1,1,0,0,0,0,1,1,B,5
1,1,0,1,1,0,0,0,1,C,5
1,1,0,1,0,1,0,0,1,D,5
1,1,0,1,0,0,1,0,1,E,5
1,1,0,1,0,0,0,1,1,F,5
1,1,0,0,1,1,0,0,1,G,5
1,1,0,0,1,0,1,0,1,H,5
1,1,0,0,1,0,0,1,2,A,5
1,1,0,0,0,1,1,0,2,B,5
1,1,0,0,0,1,0,1,2,C,5
1,1,0,0,0,0,1,1,2,D,5
1,0,1,1,1,0,0,0,2,E,5
1,0,1,1,0,1,0,0,2,F,5
1,0,1,1,0,0,1,0,2,G,5
1,0,1,1,0,0,0,1,2,H,5
1,0,1,0,1,1,0,0,3,A,5
1,0,1,0,1,0,1,0,3,B,5
1,0,1,0,1,0,0,1,3,C,5
1,0,1,0,0,1,1,0,3,D,5
1,0,1,0,0,1,0,1,3,E,5
1,0,1,0,0,0,1,1,3,F,5
1,0,0,1,1,1,0,0,3,G,5
1,0,0,1,1,0,1,0,3,H,5
1,0,0,1,1,0,0,1,4,A,5
1,0,0,1,0,1,1,0,4,B,5
1,0,0,1,0,1,0,1,4,C,5
1,0,0,1,0,0,1,1,4,D,5
1,0,0,0,1,1,1,0,4,E,5
1,0,0,0,1,1,0,1,4,F,5
1,0,0,0,1,0,1,1,4,G,5
1,0,0,0,0,1,1,1,4,H,5
0,1,1,1,1,0,0,0,5,A,5
0,1,1,1,0,1,0,0,5,B,5
0,1,1,1,0,0,1,0,5,C,5
0,1,1,1,0,0,0,1,5,D,5
0,1,1,0,1,1,0,0,5,E,5
0,1,1,0,1,0,1,0,5,F,5
0,1,1,0,1,0,0,1,5,G,5
0,1,1,0,0,1,1,0,5,H,5
0,1,1,0,0,1,0,1,6,A,5
0,1,1,0,0,0,1,1,6,B,5
0,1,0,1,1,1,0,0,6,C,5
0,1,0,1,1,0,1,0,6,D,5
0,1,0,1,1,0,0,1,6,E,5
0,1,0,1,0,1,1,0,6,F,5
0,1,0,1,0,1,0,1,6,G,5
0,1,0,1,0,0,1,1,6,H,5
0,1,0,0,1,1,1,0,7,A,5
0,1,0,0,1,1,0,1,7,B,5
0,1,0,0,1,0,1,1,7,C,5
0,1,0,0,0,1,1,1,7,D,5
0,0,1,1,1,1,0,0,7,E,5
0,0,1,1,1,0,1,0,7,F,5
0,0,1,1,1,0,0,1,7,G,5
0,0,1,1,0,1,1,0,7,H,5
0,0,1,1,0,1,0,1,8,A,5
0,0,1,1,0,0,1,1,8,B,5
0,0,1,0,1,1,1,0,8,C,5
0,0,1,0,1,1,0,1,8,D,5
0,0,1,0,1,0,1,1,8,E,5
0,0,1,0,0,1,1,1,8,F,5
0,0,0,1,1,1,1,0,8,G,5
0,0,0,1,1,1,0,1,8,H,5
0,0,0,1,1,0,1,1,9,A,5
0,0,0,1,0,1,1,1,9,B,5
0,0,0,0,1,1,1,1,9,C,5
1,1,1,1,1,0,0,0,9,D,5
1,1,1,1,0,1,0,0,9,E,5
1,1,1,1,0,0,1,0,9,F,5
1,1,1,1,0,0,0,1,9,G,5
1,1,1,0,1,1,0,0,9,H,5
1,1,1,0,1,0,1,0,10,A,5
1,1,1,0,1,0,0,1,10,B,5
1,1,1,0,0,1,1,0,10,C,5
1,1,1,0,0,1,0,1,10,D,5
1,1,1,0,0,0,1,1,10,E,5
1,1,0,1,1,1,0,0,10,F,5
1,1,0,1,1,0,1,0,10,G,5
1,1,0,1,1,0,0,1,10,H,5
1,1,0,1,0,1,1,0,11,A,5
1,1,0,1,0,1,0,1,11,B,5
1,1,0,1,0,0,1,1,11,C,5
1,1,0,0,1,1,1,0,11,D,5
1,1,0,0,1,1,0,1,11,E,5
1,1,0,0,1,0,1,1,11,F,5
1,1,0,0,0,1,1,1,11,G,5
1,0,1,1,1,1,0,0,11,H,5
1,0,1,1,1,0,1,0,12,A,5
1,0,1,1,1,0,0,1,12,B,5
1,0,1,1,0,1,1,0,12,C,5
1,0,1,1,0,1,0,1,12,D,5
1,0,1,1,0,0,1,1,12,E,5
1,0,1,0,1,1,1,0,12,F,5
1,0,1,0,1,1,0,1,12,G,5
1,0,1,0,1,0,1,1,12,H,5
1,0,1,0,0,1,1,1,1,A,6
1,0,0,1,1,1,1,0,1,B,6
1,0,0,1,1,1,0,1,1,C,6
1,0,0,1,1,0,1,1,1,D,6
1,0,0,1,0,1,1,1,1,E,6
1,0,0,0,1,1,1,1,1,F,6
0,1,1,1,1,1,0,0,1,G,6
0,1,1,1,1,0,1,0,1,H,6
0,1,1,1,1,0,0,1,2,A,6
0,1,1,1,0,1,1,0,2,B,6
0,1,1,1,0,1,0,1,2,C,6
0,1,1,1,0,0,1,1,2,D,6
0,1,1,0,1,1,1,0,2,E,6
0,1,1,0,1,1,0,1,2,F,6
0,1,1,0,1,0,1,1,2,G,6
0,1,1,0,0,1,1,1,2,H,6
0,1,0,1,1,1,1,0,3,A,6
0,1,0,1,1,1,0,1,3,B,6
0,1,0,1,1,0,1,1,3,C,6
0,1,0,1,0,1,1,1,3,D,6
0,1,0,0,1,1,1,1,3,E,6
0,0,1,1,1,1,1,0,3,F,6
0,0,1,1,1,1,0,1,3,G,6
0,0,1,1,1,0,1,1,3,H,6
0,0,1,1,0,1,1,1,4,A,6
0,0,1,0,1,1,1,1,4,B,6
0,0,0,1,1,1,1,1,4,C,6
1,1,1,1,1,1,0,0,4,D,6
1,1,1,1,1,0,1,0,4,E,6
1,1,1,1,1,0,0,1,4,F,6
1,1,1,1,0,1,1,0,4,G,6
1,1,1,1,0,1,0,1,4,H,6
1,1,1,1,0,0,1,1,5,A,6
1,1,1,0,1,1,1,0,5,B,6
1,1,1,0,1,1,0,1,5,C,6
1,1,1,0,1,0,1,1,5,D,6
1,1,1,0,0,1,1,1,5,E,6
1,1,0,1,1,1,1,0,5,F,6
1,1,0,1,1,1,0,1,5,G,6
1,1,0,1,1,0,1,1,5,H,6
1,1,0,1,0,1,1,1,6,A,6
1,1,0,0,1,1,1,1,6,B,6
1,0,1,1,1,1,1,0,6,C,6
1,0,1,1,1,1,0,1,6,D,6
1,0,1,1,1,0,1,1,6,E,6
1,0,1,1,0,1,1,1,6,F,6
1,0,1,0,1,1,1,1,6,G,6
1,0,0,1,1,1,1,1,6,H,6
0,1,1,1,1,1,1,0,7,A,6
0,1,1,1,1,1,0,1,7,B,6
0,1,1,1,1,0,1,1,7,C,6
0,1,1,1,0,1,1,1,7,D,6
0,1,1,0,1,1,1,1,7,E,6
0,1,0,1,1,1,1,1,7,F,6
0,0,1,1,1,1,1,1,7,G,6
1,1,1,1,1,1,1,0,7,H,6
1,1,1,1,1,1,0,1,8,A,6
1,1,1,1,1,0,1,1,8,B,6
1,1,1,1,0,1,1,1,8,C,6
1,1,1,0,1,1,1,1,8,D,6
1,1,0,1,1,1,1,1,8,E,6
1,0,1,1,1,1,1,1,8,F,6
0,1,1,1,1,1,1,1,8,G,6
1,1,1,1,1,1,1,1,8,H,6
0,0,0,0,0,0,0,0,9,A,6
0,0,0,0,0,0,0,0,9,B,6
0,0,0,0,0,0,0,0,9,C,6
0,0,0,0,0,0,0,0,9,D,6
0,0,0,0,0,0,0,0,9,E,6
0,0,0,0,0,0,0,0,9,F,6
0,0,0,0,0,0,0,0,9,G,6
0,0,0,0,0,0,0,0,9,H,6
0,0,0,0,0,0,0,0,10,A,6
0,0,0,0,0,0,0,0,10,B,6
0,0,0,0,0,0,0,0,10,C,6
0,0,0,0,0,0,0,0,10,D,6
0,0,0,0,0,0,0,0,10,E,6
0,0,0,0,0,0,0,0,10,F,6
0,0,0,0,0,0,0,0,10,G,6
0,0,0,0,0,0,0,0,10,H,6
0,0,0,0,0,0,0,0,11,A,6
0,0,0,0,0,0,0,0,11,B,6
0,0,0,0,0,0,0,0,11,C,6
0,0,0,0,0,0,0,0,11,D,6
0,0,0,0,0,0,0,0,11,E,6
0,0,0,0,0,0,0,0,11,F,6
0,0,0,0,0,0,0,0,11,G,6
0,0,0,0,0,0,0,0,11,H,6
0,0,0,0,0,0,0,0,12,A,6
0,0,0,0,0,0,0,0,12,B,6
0,0,0,0,0,0,0,0,12,C,6
0,0,0,0,0,0,0,0,12,D,6
0,0,0,0,0,0,0,0,12,E,6
0,0,0,0,0,0,0,0,12,F,6
0,0,0,0,0,0,0,0,12,G,6
0,0,0,0,0,0,0,0,12,H,6
0,0,0,0,0,0,0,0,1,A,7
1,0,0,0,0,0,0,0,1,B,7
0,1,0,0,0,0,0,0,1,C,7
0,0,1,0,0,0,0,0,1,D,7
0,0,0,1,0,0,0,0,1,E,7
0,0,0,0,1,0,0,0,1,F,7
0,0,0,0,0,1,0,0,1,G,7
0,0,0,0,0,0,1,0,1,H,7
0,0,0,0,0,0,0,1,2,A,7
1,1,0,0,0,0,0,0,2,B,7
1,0,1,0,0,0,0,0,2,C,7
1,0,0,1,0,0,0,0,2,D,7
1,0,0,0,1,0,0,0,2,E,7
1,0,0,0,0,1,0,0,2,F,7
1,0,0,0,0,0,1,0,2,G,7
1,0,0,0,0,0,0,1,2,H,7
0,1,1,0,0,0,0,0,3,A,7
0,1,0,1,0,0,0,0,3,B,7
0,1,0,0,1,0,0,0,3,C,7
0,1,0,0,0,1,0,0,3,D,7
0,1,0,0,0,0,1,0,3,E,7
0,1,0,0,0,0,0,1,3,F,7
0,0,1,1,0,0,0,0,3,G,7
0,0,1,0,1,0,0,0,3,H,7
0,0,1,0,0,1,0,0,4,A,7
0,0,1,0,0,0,1,0,4,B,7
0,0,1,0,0,0,0,1,4,C,7
0,0,0,1,1,0,0,0,4,D,7
0,0,0,1,0,1,0,0,4,E,7
0,0,0,1,0,0,1,0,4,F,7
0,0,0,1,0,0,0,1,4,G,7
0,0,0,0,1,1,0,0,4,H,7
0,0,0,0,1,0,1,0,5,A,7
0,0,0,0,1,0,0,1,5,B,7
0,0,0,0,0,1,1,0,5,C,7
0,0,0,0,0,1,0,1,5,D,7
0,0,0,0,0,0,1,1,5,E,7
1,1,1,0,0,0,0,0,5,F,7
1,1,0,1,0,0,0,0,5,G,7
1,1,0,0,1,0,0,0,5,H,7
1,1,0,0,0,1,0,0,6,A,7
1,1,0,0,0,0,1,0,6,B,7
1,1,0,0,0,0,0,1,6,C,7
1,0,1,1,0,0,0,0,6,D,7
1,0,1,0,1,0,0,0,6,E,7
1,0,1,0,0,1,0,0,6,F,7
1,0,1,0,0,0,1,0,6,G,7
1,0,1,0,0,0,0,1,6,H,7
1,0,0,1,1,0,0,0,7,A,7
1,0,0,1,0,1,0,0,7,B,7
1,0,0,1,0,0,1,0,7,C,7
1,0,0,1,0,0,0,1,7,D,7
1,0,0,0,1,1,0,0,7,E,7
1,0,0,0,1,0,1,0,7,F,7
1,0,0,0,1,0,0,1,7,G,7
1,0,0,0,0,1,1,0,7,H,7
1,0,0,0,0,1,0,1,8,A,7
1,0,0,0,0,0,1,1,8,B,7
0,1,1,1,0,0,0,0,8,C,7
0,1,1,0,1,0,0,0,8,D,7
0,1,1,0,0,1,0,0,8,E,7
0,1,1,0,0,0,1,0,8,F,7
0,1,1,0,0,0,0,1,8,G,7
0,1,0,1,1,0,0,0,8,H,7
0,1,0,1,0,1,0,0,9,A,7
0,1,0,1,0,0,1,0,9,B,7
0,1,0,1,0,0,0,1,9,C,7
0,1,0,0,1,1,0,0,9,D,7
0,1,0,0,1,0,1,0,9,E,7
0,1,0,0,1,0,0,1,9,F,7
0,1,0,0,0,1,1,0,9,G,7
0,1,0,0,0,1,0,1,9,H,7
0,1,0,0,0,0,1,1,10,A,7
0,0,1,1,1,0,0,0,10,B,7
0,0,1,1,0,1,0,0,10,C,7
0,0,1,1,0,0,1,0,10,D,7
0,0,1,1,0,0,0,1,10,E,7
0,0,1,0,1,1,0,0,10,F,7
0,0,1,0,1,0,1,0,10,G,7
0,0,1,0,1,0,0,1,10,H,7
0,0,1,0,0,1,1,0,11,A,7
0,0,1,0,0,1,0,1,11,B,7
0,0,1,0,0,0,1,1,11,C,7
0,0,0,1,1,1,0,0,11,D,7
0,0,0,1,1,0,1,0,11,E,7
0,0,0,1,1,0,0,1,11,F,7
0,0,0,1,0,1,1,0,11,G,7
0,0,0,1,0,1,0,1,11,H,7
0,0,0,1,0,0,1,1,12,A,7
0,0,0,0,1,1,1,0,12,B,7
0,0,0,0,1,1,0,1,12,C,7
0,0,0,0,1,0,1,1,12,D,7
0,0,0,0,0,1,1,1,12,E,7
1,1,1,1,0,0,0,0,12,F,7
1,1,1,0,1,0,0,0,12,G,7
1,1,1,0,0,1,0,0,12,H,7
1,1,1,0,0,0,1,0,1,A,8
1,1,1,0,0,0,0,1,1,B,8
1,1,0,1,1,0,0,0,1,C,8
1,1,0,1,0,1,0,0,1,D,8
1,1,0,1,0,0,1,0,1,E,8
1,1,0,1,0,0,0,1,1,F,8
1,1,0,0,1,1,0,0,1,G,8
1,1,0,0,1,0,1,0,1,H,8
1,1,0,0,1,0,0,1,2,A,8
1,1,0,0,0,1,1,0,2,B,8
1,1,0,0,0,1,0,1,2,C,8
1,1,0,0,0,0,1,1,2,D,8
1,0,1,1,1,0,0,0,2,E,8
1,0,1,1,0,1,0,0,2,F,8
1,0,1,1,0,0,1,0,2,G,8
1,0,1,1,0,0,0,1,2,H,8
1,0,1,0,1,1,0,0,3,A,8
1,0,1,0,1,0,1,0,3,B,8
1,0,1,0,1,0,0,1,3,C,8
1,0,1,0,0,1,1,0,3,D,8
1,0,1,0,0,1,0,1,3,E,8
1,0,1,0,0,0,1,1,3,F,8
1,0,0,1,1,1,0,0,3,G,8
1,0,0,1,1,0,1,0,3,H,8
1,0,0,1,1,0,0,1,4,A,8
1,0,0,1,0,1,1,0,4,B,8
1,0,0,1,0,1,0,1,4,C,8
1,0,0,1,0,0,1,1,4,D,8
1,0,0,0,1,1,1,0,4,E,8
1,0,0,0,1,1,0,1,4,F,8
1,0,0,0,1,0,1,1,4,G,8
1,0,0,0,0,1,1,1,4,H,8
0,1,1,1,1,0,0,0,5,A,8
0,1,1,1,0,1,0,0,5,B,8
0,1,1,1,0,0,1,0,5,C,8
0,1,1,1,0,0,0,1,5,D,8
0,1,1,0,1,1,0,0,5,E,8
0,1,1,0,1,0,1,0,5,F,8
0,1,1,0,1,0,0,1,5,G,8
0,1,1,0,0,1,1,0,5,H,8
0,1,1,0,0,1,0,1,6,A,8
0,1,1,0,0,0,1,1,6,B,8
0,1,0,1,1,1,0,0,6,C,8
0,1,0,1,1,0,1,0,6,D,8
0,1,0,1,1,0,0,1,6,E,8
0,1,0,1,0,1,1,0,6,F,8
0,1,0,1,0,1,0,1,6,G,8
0,1,0,1,0,0,1,1,6,H,8
0,1,0,0,1,1,1,0,7,A,8
0,1,0,0,1,1,0,1,7,B,8
0,1,0,0,1,0,1,1,7,C,8
0,1,0,0,0,1,1,1,7,D,8
0,0,1,1,1,1,0,0,7,E,8
0,0,1,1,1,0,1,0,7,F,8
0,0,1,1,1,0,0,1,7,G,8
0,0,1,1,0,1,1,0,7,H,8
0,0,1,1,0,1,0,1,8,A,8
0,0,1,1,0,0,1,1,8,B,8
0,0,1,0,1,1,1,0,8,C,8
0,0,1,0,1,1,0,1,8,D,8
0,0,1,0,1,0,1,1,8,E,8
0,0,1,0,0,1,1,1,8,F,8
0,0,0,1,1,1,1,0,8,G,8
0,0,0,1,1,1,0,1,8,H,8
0,0,0,1,1,0,1,1,9,A,8
0,0,0,1,0,1,1,1,9,B,8
0,0,0,0,1,1,1,1,9,C,8
1,1,1,1,1,0,0,0,9,D,8
1,1,1,1,0,1,0,0,9,E,8
1,1,1,1,0,0,1,0,9,F,8
1,1,1,1,0,0,0,1,9,G,8
1,1,1,0,1,1,0,0,9,H,8
1,1,1,0,1,0,1,0,10,A,8
1,1,1,0,1,0,0,1,10,B,8
1,1,1,0,0,1,1,0,10,C,8
1,1,1,0,0,1,0,1,10,D,8
1,1,1,0,0,0,1,1,10,E,8
1,1,0,1,1,1,0,0,10,F,8
1,1,0,1,1,0,1,0,10,G,8
1,1,0,1,1,0,0,1,10,H,8
1,1,0,1,0,1,1,0,11,A,8
1,1,0,1,0,1,0,1,11,B,8
1,1,0,1,0,0,1,1,11,C,8
1,1,0,0,1,1,1,0,11,D,8
1,1,0,0,1,1,0,1,11,E,8
1,1,0,0,1,0,1,1,11,F,8
1,1,0,0,0,1,1,1,11,G,8
1,0,1,1,1,1,0,0,11,H,8
1,0,1,1,1,0,1,0,12,A,8
1,0,1,1,1,0,0,1,12,B,8
1,0,1,1,0,1,1,0,12,C,8
1,0,1,1,0,1,0,1,12,D,8
1,0,1,1,0,0,1,1,12,E,8
1,0,1,0,1,1,1,0,12,F,8
1,0,1,0,1,1,0,1,12,G,8
1,0,1,0,1,0,1,1,12,H,8
1,0,1,0,0,1,1,1,1,A,9
1,0,0,1,1,1,1,0,1,B,9
1,0,0,1,1,1,0,1,1,C,9
1,0,0,1,1,0,1,1,1,D,9
1,0,0,1,0,1,1,1,1,E,9
1,0,0,0,1,1,1,1,1,F,9
0,1,1,1,1,1,0,0,1,G,9
0,1,1,1,1,0,1,0,1,H,9
0,1,1,1,1,0,0,1,2,A,9
0,1,1,1,0,1,1,0,2,B,9
0,1,1,1,0,1,0,1,2,C,9
0,1,1,1,0,0,1,1,2,D,9
0,1,1,0,1,1,1,0,2,E,9
0,1,1,0,1,1,0,1,2,F,9
0,1,1,0,1,0,1,1,2,G,9
0,1,1,0,0,1,1,1,2,H,9
0,1,0,1,1,1,1,0,3,A,9
0,1,0,1,1,1,0,1,3,B,9
0,1,0,1,1,0,1,1,3,C,9
0,1,0,1,0,1,1,1,3,D,9
0,1,0,0,1,1,1,1,3,E,9
0,0,1,1,1,1,1,0,3,F,9
0,0,1,1,1,1,0,1,3,G,9
0,0,1,1,1,0,1,1,3,H,9
0,0,1,1,0,1,1,1,4,A,9
0,0,1,0,1,1,1,1,4,B,9
0,0,0,1,1,1,1,1,4,C,9
1,1,1,1,1,1,0,0,4,D,9
1,1,1,1,1,0,1,0,4,E,9
1,1,1,1,1,0,0,1,4,F,9
1,1,1,1,0,1,1,0,4,G,9
1,1,1,1,0,1,0,1,4,H,9
1,1,1,1,0,0,1,1,5,A,9
1,1,1,0,1,1,1,0,5,B,9
1,1,1,0,1,1,0,1,5,C,9
1,1,1,0,1,0,1,1,5,D,9
1,1,1,0,0,1,1,1,5,E,9
1,1,0,1,1,1,1,0,5,F,9
1,1,0,1,1,1,0,1,5,G,9
1,1,0,1,1,0,1,1,5,H,9
1,1,0,1,0,1,1,1,6,A,9
1,1,0,0,1,1,1,1,6,B,9
1,0,1,1,1,1,1,0,6,C,9
1,0,1,1,1,1,0,1,6,D,9
1,0,1,1,1,0,1,1,6,E,9
1,0,1,1,0,1,1,1,6,F,9
1,0,1,0,1,1,1,1,6,G,9
1,0,0,1,1,1,1,1,6,H,9
0,1,1,1,1,1,1,0,7,A,9
0,1,1,1,1,1,0,1,7,B,9
0,1,1,1,1,0,1,1,7,C,9
0,1,1,1,0,1,1,1,7,D,9
0,1,1,0,1,1,1,1,7,E,9
0,1,0,1,1,1,1,1,7,F,9
0,0,1,1,1,1,1,1,7,G,9
1,1,1,1,1,1,1,0,7,H,9
1,1,1,1,1,1,0,1,8,A,9
1,1,1,1,1,0,1,1,8,B,9
1,1,1,1,0,1,1,1,8,C,9
1,1,1,0,1,1,1,1,8,D,9
1,1,0,1,1,1,1,1,8,E,9
1,0,1,1,1,1,1,1,8,F,9
0,1,1,1,1,1,1,1,8,G,9
1,1,1,1,1,1,1,1,8,H,9
0,0,0,0,0,0,0,0,9,A,9
0,0,0,0,0,0,0,0,9,B,9
0,0,0,0,0,0,0,0,9,C,9
0,0,0,0,0,0,0,0,9,D,9
0,0,0,0,0,0,0,0,9,E,9
0,0,0,0,0,0,0,0,9,F,9
0,0,0,0,0,0,0,0,9,G,9
0,0,0,0,0,0,0,0,9,H,9
0,0,0,0,0,0,0,0,10,A,9
0,0,0,0,0,0,0,0,10,B,9
0,0,0,0,0,0,0,0,10,C,9
0,0,0,0,0,0,0,0,10,D,9
0,0,0,0,0,0,0,0,10,E,9
0,0,0,0,0,0,0,0,10,F,9
0,0,0,0,0,0,0,0,10,G,9
0,0,0,0,0,0,0,0,10,H,9
0,0,0,0,0,0,0,0,11,A,9
0,0,0,0,0,0,0,0,11,B,9
0,0,0,0,0,0,0,0,11,C,9
0,0,0,0,0,0,0,0,11,D,9
0,0,0,0,0,0,0,0,11,E,9
0,0,0,0,0,0,0,0,11,F,9
0,0,0,0,0,0,0,0,11,G,9
0,0,0,0,0,0,0,0,11,H,9
0,0,0,0,0,0,0,0,12,A,9
0,0,0,0,0,0,0,0,12,B,9
0,0,0,0,0,0,0,0,12,C,9
0,0,0,0,0,0,0,0,12,D,9
0,0,0,0,0,0,0,0,12,E,9
0,0,0,0,0,0,0,0,12,F,9
0,0,0,0,0,0,0,0,12,G,9
0,0,0,0,0,0,0,0,12,H,9
0,0,0,0,0,0,0,0,1,A,10
1,0,0,0,0,0,0,0,1,B,10
0,1,0,0,0,0,0,0,1,C,10
0,0,1,0,0,0,0,0,1,D,10
0,0,0,1,0,0,0,0,1,E,10
0,0,0,0,1,0,0,0,1,F,10
0,0,0,0,0,1,0,0,1,G,10
0,0,0,0,0,0,1,0,1,H,10
0,0,0,0,0,0,0,1,2,A,10
1,1,0,0,0,0,0,0,2,B,10
1,0,1,0,0,0,0,0,2,C,10
1,0,0,1,0,0,0,0,2,D,10
1,0,0,0,1,0,0,0,2,E,10
1,0,0,0,0,1,0,0,2,F,10
1,0,0,0,0,0,1,0,2,G,10
1,0,0,0,0,0,0,1,2,H,10
0,1,1,0,0,0,0,0,3,A,10
0,1,0,1,0,0,0,0,3,B,10
0,1,0,0,1,0,0,0,3,C,10
0,1,0,0,0,1,0,0,3,D,10
0,1,0,0,0,0,1,0,3,E,10
0,1,0,0,0,0,0,1,3,F,10
0,0,1,1,0,0,0,0,3,G,10
0,0,1,0,1,0,0,0,3,H,10
0,0,1,0,0,1,0,0,4,A,10
0,0,1,0,0,0,1,0,4,B,10
0,0,1,0,0,0,0,1,4,C,10
0,0,0,1,1,0,0,0,4,D,10
0,0,0,1,0,1,0,0,4,E,10
0,0,0,1,0,0,1,0,4,F,10
0,0,0,1,0,0,0,1,4,G,10
0,0,0,0,1,1,0,0,4,H,10
0,0,0,0,1,0,1,0,5,A,10
0,0,0,0,1,0,0,1,5,B,10
0,0,0,0,0,1,1,0,5,C,10
0,0,0,0,0,1,0,1,5,D,10
0,0,0,0,0,0,1,1,5,E,10
1,1,1,0,0,0,0,0,5,F,10
1,1,0,1,0,0,0,0,5,G,10
1,1,0,0,1,0,0,0,5,H,10
1,1,0,0,0,1,0,0,6,A,10
1,1,0,0,0,0,1,0,6,B,10
1,1,0,0,0,0,0,1,6,C,10
1,0,1,1,0,0,0,0,6,D,10
1,0,1,0,1,0,0,0,6,E,10
1,0,1,0,0,1,0,0,6,F,10
1,0,1,0,0,0,1,0,6,G,10
1,0,1,0,0,0,0,1,6,H,10
1,0,0,1,1,0,0,0,7,A,10
1,0,0,1,0,1,0,0,7,B,10
1,0,0,1,0,0,1,0,7,C,10
1,0,0,1,0,0,0,1,7,D,10
1,0,0,0,1,1,0,0,7,E,10
1,0,0,0,1,0,1,0,7,F,10
1,0,0,0,1,0,0,1,7,G,10
1,0,0,0,0,1,1,0,7,H,10
1,0,0,0,0,1,0,1,8,A,10
1,0,0,0,0,0,1,1,8,B,10
0,1,1,1,0,0,0,0,8,C,10
0,1,1,0,1,0,0,0,8,D,10
0,1,1,0,0,1,0,0,8,E,10
0,1,1,0,0,0,1,0,8,F,10
0,1,1,0,0,0,0,1,8,G,10
0,1,0,1,1,0,0,0,8,H,10
0,1,0,1,0,1,0,0,9,A,10
0,1,0,1,0,0,1,0,9,B,10
0,1,0,1,0,0,0,1,9,C,10
0,1,0,0,1,1,0,0,9,D,10
0,1,0,0,1,0,1,0,9,E,10
0,1,0,0,1,0,0,1,9,F,10
0,1,0,0,0,1,1,0,9,G,10
0,1,0,0,0,1,0,1,9,H,10
0,1,0,0,0,0,1,1,10,A,10
0,0,1,1,1,0,0,0,10,B,10
0,0,1,1,0,1,0,0,10,C,10
0,0,1,1,0,0,1,0,10,D,10
0,0,1,1,0,0,0,1,10,E,10
0,0,1,0,1,1,0,0,10,F,10
0,0,1,0,1,0,1,0,10,G,10
0,0,1,0,1,0,0,1,10,H,10
0,0,1,0,0,1,1,0,11,A,10
0,0,1,0,0,1,0,1,11,B,10
0,0,1,0,0,0,1,1,11,C,10
0,0,0,1,1,1,0,0,11,D,10
0,0,0,1,1,0,1,0,11,E,10
0,0,0,1,1,0,0,1,11,F,10
0,0,0,1,0,1,1,0,11,G,10
0,0,0,1,0,1,0,1,11,H,10
0,0,0,1,0,0,1,1,12,A,10
0,0,0,0,1,1,1,0,12,B,10
0,0,0,0,1,1,0,1,12,C,10
0,0,0,0,1,0,1,1,12,D,10
0,0,0,0,0,1,1,1,12,E,10
1,1,1,1,0,0,0,0,12,F,10
1,1,1,0,1,0,0,0,12,G,10
1,1,1,0,0,1,0,0,12,H,10
1,1,1,0,0,0,1,0,1,A,11
1,1,1,0,0,0,0,1,1,B,11
1,1,0,1,1,0,0,0,1,C,11
1,1,0,1,0,1,0,0,1,D,11
1,1,0,1,0,0,1,0,1,E,11
1,1,0,1,0,0,0,1,1,F,11
1,1,0,0,1,1,0,0,1,G,11
1,1,0,0,1,0,1,0,1,H,11
1,1,0,0,1,0,0,1,2,A,11
1,1,0,0,0,1,1,0,2,B,11
1,1,0,0,0,1,0,1,2,C,11
1,1,0,0,0,0,1,1,2,D,11
1,0,1,1,1,0,0,0,2,E,11
1,0,1,1,0,1,0,0,2,F,11
1,0,1,1,0,0,1,0,2,G,11
1,0,1,1,0,0,0,1,2,H,11
1,0,1,0,1,1,0,0,3,A,11
1,0,1,0,1,0,1,0,3,B,11
1,0,1,0,1,0,0,1,3,C,11
1,0,1,0,0,1,1,0,3,D,11
1,0,1,0,0,1,0,1,3,E,11
1,0,1,0,0,0,1,1,3,F,11
1,0,0,1,1,1,0,0,3,G,11
1,0,0,1,1,0,1,0,3,H,11
1,0,0,1,1,0,0,1,4,A,11
1,0,0,1,0,1,1,0,4,B,11
1,0,0,1,0,1,0,1,4,C,11
1,0,0,1,0,0,1,1,4,D,11
1,0,0,0,1,1,1,0,4,E,11
1,0,0,0,1,1,0,1,4,F,11
1,0,0,0,1,0,1,1,4,G,11
1,0,0,0,0,1,1,1,4,H,11
0,1,1,1,1,0,0,0,5,A,11
0,1,1,1,0,1,0,0,5,B,11
0,1,1,1,0,0,1,0,5,C,11
0,1,1,1,0,0,0,1,5,D,11
0,1,1,0,1,1,0,0,5,E,11
0,1,1,0,1,0,1,0,5,F,11
0,1,1,0,1,0,0,1,5,G,11
0,1,1,0,0,1,1,0,5,H,11
0,1,1,0,0,1,0,1,6,A,11
0,1,1,0,0,0,1,1,6,B,11
0,1,0,1,1,1,0,0,6,C,11
0,1,0,1,1,0,1,0,6,D,11
0,1,0,1,1,0,0,1,6,E,11
0,1,0,1,0,1,1,0,6,F,11
0,1,0,1,0,1,0,1,6,G,11
0,1,0,1,0,0,1,1,6,H,11
0,1,0,0,1,1,1,0,7,A,11
0,1,0,0,1,1,0,1,7,B,11
0,1,0,0,1,0,1,1,7,C,11
0,1,0,0,0,1,1,1,7,D,11
0,0,1,1,1,1,0,0,7,E,11
0,0,1,1,1,0,1,0,7,F,11
0,0,1,1,1,0,0,1,7,G,11
0,0,1,1,0,1,1,0,7,H,11
0,0,1,1,0,1,0,1,8,A,11
0,0,1,1,0,0,1,1,8,B,11
0,0,1,0,1,1,1,0,8,C,11
0,0,1,0,1,1,0,1,8,D,11
0,0,1,0,1,0,1,1,8,E,11
0,0,1,0,0,1,1,1,8,F,11
0,0,0,1,1,1,1,0,8,G,11
0,0,0,1,1,1,0,1,8,H,11
0,0,0,1,1,0,1,1,9,A,11
0,0,0,1,0,1,1,1,9,B,11
0,0,0,0,1,1,1,1,9,C,11
1,1,1,1,1,0,0,0,9,D,11
1,1,1,1,0,1,0,0,9,E,11
1,1,1,1,0,0,1,0,9,F,11
1,1,1,1,0,0,0,1,9,G,11
1,1,1,0,1,1,0,0,9,H,11
1,1,1,0,1,0,1,0,10,A,11
1,1,1,0,1,0,0,1,10,B,11
1,1,1,0,0,1,1,0,10,C,11
1,1,1,0,0,1,0,1,10,D,11
1,1,1,0,0,0,1,1,10,E,11
1,1,0,1,1,1,0,0,10,F,11
1,1,0,1,1,0,1,0,10,G,11
1,1,0,1,1,0,0,1,10,H,11
1,1,0,1,0,1,1,0,11,A,11
1,1,0,1,0,1,0,1,11,B,11
1,1,0,1,0,0,1,1,11,C,11
1,1,0,0,1,1,1,0,11,D,11
1,1,0,0,1,1,0,1,11,E,11
1,1,0,0,1,0,1,1,11,F,11
1,1,0,0,0,1,1,1,11,G,11
1,0,1,1,1,1,0,0,11,H,11
1,0,1,1,1,0,1,0,12,A,11
1,0,1,1,1,0,0,1,12,B,11
1,0,1,1,0,1,1,0,12,C,11
1,0,1,1,0,1,0,1,12,D,11
1,0,1,1,0,0,1,1,12,E,11
1,0,1,0,1,1,1,0,12,F,11
1,0,1,0,1,1,0,1,12,G,11
1,0,1,0,1,0,1,1,12,H,11
1,0,1,0,0,1,1,1,1,A,12
1,0,0,1,1,1,1,0,1,B,12
1,0,0,1,1,1,0,1,1,C,12
1,0,0,1,1,0,1,1,1,D,12
1,0,0,1,0,1,1,1,1,E,12
1,0,0,0,1,1,1,1,1,F,12
0,1,1,1,1,1,0,0,1,G,12
0,1,1,1,1,0,1,0,1,H,12
0,1,1,1,1,0,0,1,2,A,12
0,1,1,1,0,1,1,0,2,B,12
0,1,1,1,0,1,0,1,2,C,12
0,1,1,1,0,0,1,1,2,D,12
0,1,1,0,1,1,1,0,2,E,12
0,1,1,0,1,1,0,1,2,F,12
0,1,1,0,1,0,1,1,2,G,12
0,1,1,0,0,1,1,1,2,H,12
0,1,0,1,1,1,1,0,3,A,12
0,1,0,1,1,1,0,1,3,B,12
0,1,0,1,1,0,1,1,3,C,12
0,1,0,1,0,1,1,1,3,D,12
0,1,0,0,1,1,1,1,3,E,12
0,0,1,1,1,1,1,0,3,F,12
0,0,1,1,1,1,0,1,3,G,12
0,0,1,1,1,0,1,1,3,H,12
0,0,1,1,0,1,1,1,4,A,12
0,0,1,0,1,1,1,1,4,B,12
0,0,0,1,1,1,1,1,4,C,12
1,1,1,1,1,1,0,0,4,D,12
1,1,1,1,1,0,1,0,4,E,12
1,1,1,1,1,0,0,1,4,F,12
1,1,1,1,0,1,1,0,4,G,12
1,1,1,1,0,1,0,1,4,H,12
1,1,1,1,0,0,1,1,5,A,12
1,1,1,0,1,1,1,0,5,B,12
1,1,1,0,1,1,0,1,5,C,12
1,1,1,0,1,0,1,1,5,D,12
1,1,1,0,0,1,1,1,5,E,12
1,1,0,1,1,1,1,0,5,F,12
1,1,0,1,1,1,0,1,5,G,12
1,1,0,1,1,0,1,1,5,H,12
1,1,0,1,0,1,1,1,6,A,12
1,1,0,0,1,1,1,1,6,B,12
1,0,1,1,1,1,1,0,6,C,12
1,0,1,1,1,1,0,1,6,D,12
1,0,1,1,1,0,1,1,6,E,12
1,0,1,1,0,1,1,1,6,F,12
1,0,1,0,1,1,1,1,6,G,12
1,0,0,1,1,1,1,1,6,H,12
0,1,1,1,1,1,1,0,7,A,12
0,1,1,1,1,1,0,1,7,B,12
0,1,1,1,1,0,1,1,7,C,12
0,1,1,1,0,1,1,1,7,D,12
0,1,1,0,1,1,1,1,7,E,12
0,1,0,1,1,1,1,1,7,F,12
0,0,1,1,1,1,1,1,7,G,12
1,1,1,1,1,1,1,0,7,H,12
1,1,1,1,1,1,0,1,8,A,12
1,1,1,1,1,0,1,1,8,B,12
1,1,1,1,0,1,1,1,8,C,12
1,1,1,0,1,1,1,1,8,D,12
1,1,0,1,1,1,1,1,8,E,12
1,0,1,1,1,1,1,1,8,F,12
0,1,1,1,1,1,1,1,8,G,12
1,1,1,1,1,1,1,1,8,H,12
0,0,0,0,0,0,0,0,9,A,12
0,0,0,0,0,0,0,0,9,B,12
0,0,0,0,0,0,0,0,9,C,12
0,0,0,0,0,0,0,0,9,D,12
0,0,0,0,0,0,0,0,9,E,12
0,0,0,0,0,0,0,0,9,F,12
0,0,0,0,0,0,0,0,9,G,12
0,0,0,0,0,0,0,0,9,H,12
0,0,0,0,0,0,0,0,10,A,12
0,0,0,0,0,0,0,0,10,B,12
0,0,0,0,0,0,0,0,10,C,12
0,0,0,0,0,0,0,0,10,D,12
0,0,0,0,0,0,0,0,10,E,12
0,0,0,0,0,0,0,0,10,F,12
0,0,0,0,0,0,0,0,10,G,12
0,0,0,0,0,0,0,0,10,H,12
0,0,0,0,0,0,0,0,11,A,12
0,0,0,0,0,0,0,0,11,B,12
0,0,0,0,0,0,0,0,11,C,12
0,0,0,0,0,0,0,0,11,D,12
0,0,0,0,0,0,0,0,11,E,12
0,0,0,0,0,0,0,0,11,F,12
0,0,0,0,0,0,0,0,11,G,12
0,0,0,0,0,0,0,0,11,H,12
0,0,0,0,0,0,0,0,12,A,12
0,0,0,0,0,0,0,0,12,B,12
0,0,0,0,0,0,0,0,12,C,12
0,0,0,0,0,0,0,0,12,D,12
0,0,0,0,0,0,0,0,12,E,12
0,0,0,0,0,0,0,0,12,F,12
0,0,0,0,0,0,0,0,12,G,12
0,0,0,0,0,0,0,0,12,H,12
0,0,0,0,0,0,0,0,1,A,13
1,0,0,0,0,0,0,0,1,B,13
0,1,0,0,0,0,0,0,1,C,13
0,0,1,0,0,0,0,0,1,D,13
0,0,0,1,0,0,0,0,1,E,13
0,0,0,0,1,0,0,0,1,F,13
0,0,0,0,0,1,0,0,1,G,13
0,0,0,0,0,0,1,0,1,H,13
0,0,0,0,0,0,0,1,2,A,13
1,1,0,0,0,0,0,0,2,B,13
1,0,1,0,0,0,0,0,2,C,13
1,0,0,1,0,0,0,0,2,D,13
1,0,0,0,1,0,0,0,2,E,13
1,0,0,0,0,1,0,0,2,F,13
1,0,0,0,0,0,1,0,2,G,13
1,0,0,0,0,0,0,1,2,H,13
0,1,1,0,0,0,0,0,3,A,13
0,1,0,1,0,0,0,0,3,B,13
0,1,0,0,1,0,0,0,3,C,13
0,1,0,0,0,1,0,0,3,D,13
0,1,0,0,0,0,1,0,3,E,13
0,1,0,0,0,0,0,1,3,F,13
0,0,1,1,0,0,0,0,3,G,13
0,0,1,0,1,0,0,0,3,H,13
0,0,1,0,0,1,0,0,4,A,13
0,0,1,0,0,0,1,0,4,B,13
0,0,1,0,0,0,0,1,4,C,13
0,0,0,1,1,0,0,0,4,D,13
0,0,0,1,0,1,0,0,4,E,13
0,0,0,1,0,0,1,0,4,F,13
0,0,0,1,0,0,0,1,4,G,13
0,0,0,0,1,1,0,0,4,H,13
0,0,0,0,1,0,1,0,5,A,13
0,0,0,0,1,0,0,1,5,B,13
0,0,0,0,0,1,1,0,5,C,13
0,0,0,0,0,1,0,1,5,D,13
0,0,0,0,0,0,1,1,5,E,13
1,1,1,0,0,0,0,0,5,F,13
1,1,0,1,0,0,0,0,5,G,13
1,1,0,0,1,0,0,0,5,H,13
1,1,0,0,0,1,0,0,6,A,13
1,1,0,0,0,0,1,0,6,B,13
1,1,0,0,0,0,0,1,6,C,13
1,0,1,1,0,0,0,0,6,D,13
1,0,1,0,1,0,0,0,6,E,13
1,0,1,0,0,1,0,0,6,F,13
1,0,1,0,0,0,1,0,6,G,13
1,0,1,0,0,0,0,1,6,H,13
1,0,0,1,1,0,0,0,7,A,13
1,0,0,1,0,1,0,0,7,B,13
1,0,0,1,0,0,1,0,7,C,13
1,0,0,1,0,0,0,1,7,D,13
1,0,0,0,1,1,0,0,7,E,13
1,0,0,0,1,0,1,0,7,F,13
1,0,0,0,1,0,0,1,7,G,13
1,0,0,0,0,1,1,0,7,H,13
1,0,0,0,0,1,0,1,8,A,13
1,0,0,0,0,0,1,1,8,B,13
0,1,1,1,0,0,0,0,8,C,13
0,1,1,0,1,0,0,0,8,D,13
0,1,1,0,0,1,0,0,8,E,13
0,1,1,0,0,0,1,0,8,F,13
0,1,1,0,0,0,0,1,8,G,13
0,1,0,1,1,0,0,0,8,H,13
0,1,0,1,0,1,0,0,9,A,13
0,1,0,1,0,0,1,0,9,B,13
0,1,0,1,0,0,0,1,9,C,13
0,1,0,0,1,1,0,0,9,D,13
0,1,0,0,1,0,1,0,9,E,13
0,1,0,0,1,0,0,1,9,F,13
0,1,0,0,0,1,1,0,9,G,13
0,1,0,0,0,1,0,1,9,H,13
0,1,0,0,0,0,1,1,10,A,13
0,0,1,1,1,0,0,0,10,B,13
0,0,1,1,0,1,0,0,10,C,13
0,0,1,1,0,0,1,0,10,D,13
0,0,1,1,0,0,0,1,10,E,13
0,0,1,0,1,1,0,0,10,F,13
0,0,1,0,1,0,1,0,10,G,13
0,0,1,0,1,0,0,1,10,H,13
0,0,1,0,0,1,1,0,11,A,13
0,0,1,0,0,1,0,1,11,B,13
0,0,1,0,0,0,1,1,11,C,13
0,0,0,1,1,1,0,0,11,D,13
0,0,0,1,1,0,1,0,11,E,13
0,0,0,1,1,0,0,1,11,F,13
0,0,0,1,0,1,1,0,11,G,13
0,0,0,1,0,1,0,1,11,H,13
0,0,0,1,0,0,1,1,12,A,13
0,0,0,0,1,1,1,0,12,B,13
0,0,0,0,1,1,0,1,12,C,13
0,0,0,0,1,0,1,1,12,D,13
0,0,0,0,0,1,1,1,12,E,13
1,1,1,1,0,0,0,0,12,F,13
1,1,1,0,1,0,0,0,12,G,13
1,1,1,0,0,1,0,0,12,H,13
1,1,1,0,0,0,1,0,1,A,14
1,1,1,0,0,0,0,1,1,B,14
1,1,0,1,1,0,0,0,1,C,14
1,1,0,1,0,1,0,0,1,D,14
1,1,0,1,0,0,1,0,1,E,14
1,1,0,1,0,0,0,1,1,F,14
1,1,0,0,1,1,0,0,1,G,14
1,1,0,0,1,0,1,0,1,H,14
1,1,0,0,1,0,0,1,2,A,14
1,1,0,0,0,1,1,0,2,B,14
1,1,0,0,0,1,0,1,2,C,14
1,1,0,0,0,0,1,1,2,D,14
1,0,1,1,1,0,0,0,2,E,14
1,0,1,1,0,1,0,0,2,F,14
1,0,1,1,0,0,1,0,2,G,14
1,0,1,1,0,0,0,1,2,H,14
1,0,1,0,1,1,0,0,3,A,14
1,0,1,0,1,0,1,0,3,B,14
1,0,1,0,1,0,0,1,3,C,14
1,0,1,0,0,1,1,0,3,D,14
1,0,1,0,0,1,0,1,3,E,14
1,0,1,0,0,0,1,1,3,F,14
1,0,0,1,1,1,0,0,3,G,14
1,0,0,1,1,0,1,0,3,H,14
1,0,0,1,1,0,0,1,4,A,14
1,0,0,1,0,1,1,0,4,B,14
1,0,0,1,0,1,0,1,4,C,14
1,0,0,1,0,0,1,1,4,D,14
1,0,0,0,1,1,1,0,4,E,14
1,0,0,0,1,1,0,1,4,F,14
1,0,0,0,1,0,1,1,4,G,14
1,0,0,0,0,1,1,1,4,H,14
0,1,1,1,1,0,0,0,5,A,14
0,1,1,1,0,1,0,0,5,B,14
0,1,1,1,0,0,1,0,5,C,14
0,1,1,1,0,0,0,1,5,D,14
0,1,1,0,1,1,0,0,5,E,14
0,1,1,0,1,0,1,0,5,F,14
0,1,1,0,1,0,0,1,5,G,14
0,1,1,0,0,1,1,0,5,H,14
0,1,1,0,0,1,0,1,6,A,14
0,1,1,0,0,0,1,1,6,B,14
0,1,0,1,1,1,0,0,6,C,14
0,1,0,1,1,0,1,0,6,D,14
0,1,0,1,1,0,0,1,6,E,14
0,1,0,1,0,1,1,0,6,F,14
0,1,0,1,0,1,0,1,6,G,14
0,1,0,1,0,0,1,1,6,H,14
0,1,0,0,1,1,1,0,7,A,14
0,1,0,0,1,1,0,1,7,B,14
0,1,0,0,1,0,1,1,7,C,14
0,1,0,0,0,1,1,1,7,D,14
0,0,1,1,1,1,0,0,7,E,14
0,0,1,1,1,0,1,0,7,F,14
0,0,1,1,1,0,0,1,7,G,14
0,0,1,1,0,1,1,0,7,H,14
0,0,1,1,0,1,0,1,8,A,14
0,0,1,1,0,0,1,1,8,B,14
0,0,1,0,1,1,1,0,8,C,14
0,0,1,0,1,1,0,1,8,D,14
0,0,1,0,1,0,1,1,8,E,14
0,0,1,0,0,1,1,1,8,F,14
0,0,0,1,1,1,1,0,8,G,14
0,0,0,1,1,1,0,1,8,H,14
0,0,0,1,1,0,1,1,9,A,14
0,0,0,1,0,1,1,1,9,B,14
0,0,0,0,1,1,1,1,9,C,14
1,1,1,1,1,0,0,0,9,D,14
1,1,1,1,0,1,0,0,9,E,14
1,1,1,1,0,0,1,0,9,F,14
1,1,1,1,0,0,0,1,9,G,14
1,1,1,0,1,1,0,0,9,H,14
1,1,1,0,1,0,1,0,10,A,14
1,1,1,0,1,0,0,1,10,B,14
1,1,1,0,0,1,1,0,10,C,14
1,1,1,0,0,1,0,1,10,D,14
1,1,1,0,0,0,1,1,10,E,14
1,1,0,1,1,1,0,0,10,F,14
1,1,0,1,1,0,1,0,10,G,14
1,1,0,1,1,0,0,1,10,H,14
1,1,0,1,0,1,1,0,11,A,14
1,1,0,1,0,1,0,1,11,B,14
1,1,0,1,0,0,1,1,11,C,14
1,1,0,0,1,1,1,0,11,D,14
1,1,0,0,1,1,0,1,11,E,14
1,1,0,0,1,0,1,1,11,F,14
1,1,0,0,0,1,1,1,11,G,14
1,0,1,1,1,1,0,0,11,H,14
1,0,1,1,1,0,1,0,12,A,14
1,0,1,1,1,0,0,1,12,B,14
1,0,1,1,0,1,1,0,12,C,14
1,0,1,1,0,1,0,1,12,D,14
1,0,1,1,0,0,1,1,12,E,14
1,0,1,0,1,1,1,0,12,F,14
1,0,1,0,1,1,0,1,12,G,14
1,0,1,0,1,0,1,1,12,H,14
1,0,1,0,0,1,1,1,1,A,15
1,0,0,1,1,1,1,0,1,B,15
1,0,0,1,1,1,0,1,1,C,15
1,0,0,1,1,0,1,1,1,D,15
1,0,0,1,0,1,1,1,1,E,15
1,0,0,0,1,1,1,1,1,F,15
0,1,1,1,1,1,0,0,1,G,15
0,1,1,1,1,0,1,0,1,H,15
0,1,1,1,1,0,0,1,2,A,15
0,1,1,1,0,1,1,0,2,B,15
0,1,1,1,0,1,0,1,2,C,15
0,1,1,1,0,0,1,1,2,D,15
0,1,1,0,1,1,1,0,2,E,15
0,1,1,0,1,1,0,1,2,F,15
0,1,1,0,1,0,1,1,2,G,15
0,1,1,0,0,1,1,1,2,H,15
0,1,0,1,1,1,1,0,3,A,15
0,1,0,1,1,1,0,1,3,B,15
0,1,0,1,1,0,1,1,3,C,15
0,1,0,1,0,1,1,1,3,D,15
0,1,0,0,1,1,1,1,3,E,15
0,0,1,1,1,1,1,0,3,F,15
0,0,1,1,1,1,0,1,3,G,15
0,0,1,1,1,0,1,1,3,H,15
0,0,1,1,0,1,1,1,4,A,15
0,0,1,0,1,1,1,1,4,B,15
0,0,0,1,1,1,1,1,4,C,15
1,1,1,1,1,1,0,0,4,D,15
1,1,1,1,1,0,1,0,4,E,15
1,1,1,1,1,0,0,1,4,F,15
1,1,1,1,0,1,1,0,4,G,15
1,1,1,1,0,1,0,1,4,H,15
1,1,1,1,0,0,1,1,5,A,15
1,1,1,0,1,1,1,0,5,B,15
1,1,1,0,1,1,0,1,5,C,15
1,1,1,0,1,0,1,1,5,D,15
1,1,1,0,0,1,1,1,5,E,15
1,1,0,1,1,1,1,0,5,F,15
1,1,0,1,1,1,0,1,5,G,15
1,1,0,1,1,0,1,1,5,H,15
1,1,0,1,0,1,1,1,6,A,15
1,1,0,0,1,1,1,1,6,B,15
1,0,1,1,1,1,1,0,6,C,15
1,0,1,1,1,1,0,1,6,D,15
1,0,1,1,1,0,1,1,6,E,15
1,0,1,1,0,1,1,1,6,F,15
1,0,1,0,1,1,1,1,6,G,15
1,0,0,1,1,1,1,1,6,H,15
0,1,1,1,1,1,1,0,7,A,15
0,1,1,1,1,1,0,1,7,B,15
0,1,1,1,1,0,1,1,7,C,15
0,1,1,1,0,1,1,1,7,D,15
0,1,1,0,1,1,1,1,7,E,15
0,1,0,1,1,1,1,1,7,F,15
0,0,1,1,1,1,1,1,7,G,15
1,1,1,1,1,1,1,0,7,H,15
1,1,1,1,1,1,0,1,8,A,15
1,1,1,1,1,0,1,1,8,B,15
1,1,1,1,0,1,1,1,8,C,15
1,1,1,0,1,1,1,1,8,D,15
1,1,0,1,1,1,1,1,8,E,15
1,0,1,1,1,1,1,1,8,F,15
0,1,1,1,1,1,1,1,8,G,15
1,1,1,1,1,1,1,1,8,H,15
0,0,0,0,0,0,0,0,9,A,15
0,0,0,0,0,0,0,0,9,B,15
0,0,0,0,0,0,0,0,9,C,15
0,0,0,0,0,0,0,0,9,D,15
0,0,0,0,0,0,0,0,9,E,15
0,0,0,0,0,0,0,0,9,F,15
0,0,0,0,0,0,0,0,9,G,15
0,0,0,0,0,0,0,0,9,H,15
0,0,0,0,0,0,0,0,10,A,15
0,0,0,0,0,0,0,0,10,B,15
0,0,0,0,0,0,0,0,10,C,15
0,0,0,0,0,0,0,0,10,D,15
0,0,0,0,0,0,0,0,10,E,15
0,0,0,0,0,0,0,0,10,F,15
0,0,0,0,0,0,0,0,10,G,15
0,0,0,0,0,0,0,0,10,H,15
0,0,0,0,0,0,0,0,11,A,15
0,0,0,0,0,0,0,0,11,B,15
0,0,0,0,0,0,0,0,11,C,15
0,0,0,0,0,0,0,0,11,D,15
0,0,0,0,0,0,0,0,11,E,15
0,0,0,0,0,0,0,0,11,F,15
0,0,0,0,0,0,0,0,11,G,15
0,0,0,0,0,0,0,0,11,H,15
0,0,0,0,0,0,0,0,12,A,15
0,0,0,0,0,0,0,0,12,B,15
0,0,0,0,0,0,0,0,12,C,15
0,0,0,0,0,0,0,0,12,D,15
0,0,0,0,0,0,0,0,12,E,15
0,0,0,0,0,0,0,0,12,F,15
0,0,0,0,0,0,0,0,12,G,15
0,0,0,0,0,0,0,0,12,H,15
0,0,0,0,0,0,0,0,1,A,16
1,0,0,0,0,0,0,0,1,B,16
0,1,0,0,0,0,0,0,1,C,16
0,0,1,0,0,0,0,0,1,D,16
0,0,0,1,0,0,0,0,1,E,16
0,0,0,0,1,0,0,0,1,F,16
0,0,0,0,0,1,0,0,1,G,16
0,0,0,0,0,0,1,0,1,H,16
0,0,0,0,0,0,0,1,2,A,16
1,1,0,0,0,0,0,0,2,B,16
1,0,1,0,0,0,0,0,2,C,16
1,0,0,1,0,0,0,0,2,D,16
1,0,0,0,1,0,0,0,2,E,16
1,0,0,0,0,1,0,0,2,F,16
1,0,0,0,0,0,1,0,2,G,16
1,0,0,0,0,0,0,1,2,H,16
0,1,1,0,0,0,0,0,3,A,16
0,1,0,1,0,0,0,0,3,B,16
0,1,0,0,1,0,0,0,3,C,16
0,1,0,0,0,1,0,0,3,D,16
0,1,0,0,0,0,1,0,3,E,16
0,1,0,0,0,0,0,1,3,F,16
0,0,1,1,0,0,0,0,3,G,16
0,0,1,0,1,0,0,0,3,H,16
0,0,1,0,0,1,0,0,4,A,16
0,0,1,0,0,0,1,0,4,B,16
0,0,1,0,0,0,0,1,4,C,16
0,0,0,1,1,0,0,0,4,D,16
0,0,0,1,0,1,0,0,4,E,16
0,0,0,1,0,0,1,0,4,F,16
0,0,0,1,0,0,0,1,4,G,16
0,0,0,0,1,1,0,0,4,H,16
0,0,0,0,1,0,1,0,5,A,16
0,0,0,0,1,0,0,1,5,B,16
0,0,0,0,0,1,1,0,5,C,16
0,0,0,0,0,1,0,1,5,D,16
0,0,0,0,0,0,1,1,5,E,16
1,1,1,0,0,0,0,0,5,F,16
1,1,0,1,0,0,0,0,5,G,16
1,1,0,0,1,0,0,0,5,H,16
1,1,0,0,0,1,0,0,6,A,16
1,1,0,0,0,0,1,0,6,B,16
1,1,0,0,0,0,0,1,6,C,16
1,0,1,1,0,0,0,0,6,D,16
1,0,1,0,1,0,0,0,6,E,16
1,0,1,0,0,1,0,0,6,F,16
1,0,1,0,0,0,1,0,6,G,16
1,0,1,0,0,0,0,1,6,H,16
1,0,0,1,1,0,0,0,7,A,16
1,0,0,1,0,1,0,0,7,B,16
1,0,0,1,0,0,1,0,7,C,16
1,0,0,1,0,0,0,1,7,D,16
1,0,0,0,1,1,0,0,7,E,16
1,0,0,0,1,0,1,0,7,F,16
1,0,0,0,1,0,0,1,7,G,16
1,0,0,0,0,1,1,0,7,H,16
1,0,0,0,0,1,0,1,8,A,16
1,0,0,0,0,0,1,1,8,B,16
0,1,1,1,0,0,0,0,8,C,16
0,1,1,0,1,0,0,0,8,D,16
0,1,1,0,0,1,0,0,8,E,16
0,1,1,0,0,0,1,0,8,F,16
0,1,1,0,0,0,0,1,8,G,16
0,1,0,1,1,0,0,0,8,H,16
0,1,0,1,0,1,0,0,9,A,16
0,1,0,1,0,0,1,0,9,B,16
0,1,0,1,0,0,0,1,9,C,16
0,1,0,0,1,1,0,0,9,D,16
0,1,0,0,1,0,1,0,9,E,16
0,1,0,0,1,0,0,1,9,F,16
0,1,0,0,0,1,1,0,9,G,16
0,1,0,0,0,1,0,1,9,H,16
0,1,0,0,0,0,1,1,10,A,16
0,0,1,1,1,0,0,0,10,B,16
0,0,1,1,0,1,0,0,10,C,16
0,0,1,1,0,0,1,0,10,D,16
0,0,1,1,0,0,0,1,10,E,16
0,0,1,0,1,1,0,0,10,F,16
0,0,1,0,1,0,1,0,10,G,16
0,0,1,0,1,0,0,1,10,H,16
0,0,1,0,0,1,1,0,11,A,16
0,0,1,0,0,1,0,1,11,B,16
0,0,1,0,0,0,1,1,11,C,16
0,0,0,1,1,1,0,0,11,D,16
0,0,0,1,1,0,1,0,11,E,16
0,0,0,1,1,0,0,1,11,F,16
0,0,0,1,0,1,1,0,11,G,16
0,0,0,1,0,1,0,1,11,H,16
0,0,0,1,0,0,1,1,12,A,16
0,0,0,0,1,1,1,0,12,B,16
0,0,0,0,1,1,0,1,12,C,16
0,0,0,0,1,0,1,1,12,D,16
0,0,0,0,0,1,1,1,12,E,16
1,1,1,1,0,0,0,0,12,F,16
1,1,1,0,1,0,0,0,12,G,16
1,1,1,0,0,1,0,0,12,H,16
1,1,1,0,0,0,1,0,1,A,17
1,1,1,0,0,0,0,1,1,B,17
1,1,0,1,1,0,0,0,1,C,17
1,1,0,1,0,1,0,0,1,D,17
1,1,0,1,0,0,1,0,1,E,17
1,1,0,1,0,0,0,1,1,F,17
1,1,0,0,1,1,0,0,1,G,17
1,1,0,0,1,0,1,0,1,H,17
1,1,0,0,1,0,0,1,2,A,17
1,1,0,0,0,1,1,0,2,B,17
1,1,0,0,0,1,0,1,2,C,17
1,1,0,0,0,0,1,1,2,D,17
1,0,1,1,1,0,0,0,2,E,17
1,0,1,1,0,1,0,0,2,F,17
1,0,1,1,0,0,1,0,2,G,17
1,0,1,1,0,0,0,1,2,H,17
1,0,1,0,1,1,0,0,3,A,17
1,0,1,0,1,0,1,0,3,B,17
1,0,1,0,1,0,0,1,3,C,17
1,0,1,0,0,1,1,0,3,D,17
1,0,1,0,0,1,0,1,3,E,17
1,0,1,0,0,0,1,1,3,F,17
1,0,0,1,1,1,0,0,3,G,17
1,0,0,1,1,0,1,0,3,H,17
1,0,0,1,1,0,0,1,4,A,17
1,0,0,1,0,1,1,0,4,B,17
1,0,0,1,0,1,0,1,4,C,17
1,0,0,1,0,0,1,1,4,D,17
1,0,0,0,1,1,1,0,4,E,17
1,0,0,0,1,1,0,1,4,F,17
1,0,0,0,1,0,1,1,4,G,17
1,0,0,0,0,1,1,1,4,H,17
0,1,1,1,1,0,0,0,5,A,17
0,1,1,1,0,1,0,0,5,B,17
0,1,1,1,0,0,1,0,5,C,17
0,1,1,1,0,0,0,1,5,D,17
0,1,1,0,1,1,0,0,5,E,17
0,1,1,0,1,0,1,0,5,F,17
0,1,1,0,1,0,0,1,5,G,17
0,1,1,0,0,1,1,0,5,H,17
0,1,1,0,0,1,0,1,6,A,17
0,1,1,0,0,0,1,1,6,B,17
0,1,0,1,1,1,0,0,6,C,17
0,1,0,1,1,0,1,0,6,D,17
0,1,0,1,1,0,0,1,6,E,17
0,1,0,1,0,1,1,0,6,F,17
0,1,0,1,0,1,0,1,6,G,17
0,1,0,1,0,0,1,1,6,H,17
0,1,0,0,1,1,1,0,7,A,17
0,1,0,0,1,1,0,1,7,B,17
0,1,0,0,1,0,1,1,7,C,17
0,1,0,0,0,1,1,1,7,D,17
0,0,1,1,1,1,0,0,7,E,17
0,0,1,1,1,0,1,0,7,F,17
0,0,1,1,1,0,0,1,7,G,17
0,0,1,1,0,1,1,0,7,H,17
0,0,1,1,0,1,0,1,8,A,17
0,0,1,1,0,0,1,1,8,B,17
0,0,1,0,1,1,1,0,8,C,17
0,0,1,0,1,1,0,1,8,D,17
0,0,1,0,1,0,1,1,8,E,17
0,0,1,0,0,1,1,1,8,F,17
0,0,0,1,1,1,1,0,8,G,17
0,0,0,1,1,1,0,1,8,H,17
0,0,0,1,1,0,1,1,9,A,17
0,0,0,1,0,1,1,1,9,B,17
0,0,0,0,1,1,1,1,9,C,17
1,1,1,1,1,0,0,0,9,D,17
1,1,1,1,0,1,0,0,9,E,17
1,1,1,1,0,0,1,0,9,F,17
1,1,1,1,0,0,0,1,9,G,17
1,1,1,0,1,1,0,0,9,H,17
1,1,1,0,1,0,1,0,10,A,17
1,1,1,0,1,0,0,1,10,B,17
1,1,1,0,0,1,1,0,10,C,17
1,1,1,0,0,1,0,1,10,D,17
1,1,1,0,0,0,1,1,10,E,17
1,1,0,1,1,1,0,0,10,F,17
1,1,0,1,1,0,1,0,10,G,17
1,1,0,1,1,0,0,1,10,H,17
1,1,0,1,0,1,1,0,11,A,17
1,1,0,1,0,1,0,1,11,B,17
1,1,0,1,0,0,1,1,11,C,17
1,1,0,0,1,1,1,0,11,D,17
1,1,0,0,1,1,0,1,11,E,17
1,1,0,0,1,0,1,1,11,F,17
1,1,0,0,0,1,1,1,11,G,17
1,0,1,1,1,1,0,0,11,H,17
1,0,1,1,1,0,1,0,12,A,17
1,0,1,1,1,0,0,1,12,B,17
1,0,1,1,0,1,1,0,12,C,17
1,0,1,1,0,1,0,1,12,D,17
1,0,1,1,0,0,1,1,12,E,17
1,0,1,0,1,1,1,0,12,F,17
1,0,1,0,1,1,0,1,12,G,17
1,0,1,0,1,0,1,1,12,H,17
1,0,1,0,0,1,1,1,1,A,18
1,0,0,1,1,1,1,0,1,B,18
1,0,0,1,1,1,0,1,1,C,18
1,0,0,1,1,0,1,1,1,D,18
1,0,0,1,0,1,1,1,1,E,18
1,0,0,0,1,1,1,1,1,F,18
0,1,1,1,1,1,0,0,1,G,18
0,1,1,1,1,0,1,0,1,H,18
0,1,1,1,1,0,0,1,2,A,18
0,1,1,1,0,1,1,0,2,B,18
0,1,1,1,0,1,0,1,2,C,18
0,1,1,1,0,0,1,1,2,D,18
0,1,1,0,1,1,1,0,2,E,18
0,1,1,0,1,1,0,1,2,F,18
0,1,1,0,1,0,1,1,2,G,18
0,1,1,0,0,1,1,1,2,H,18
0,1,0,1,1,1,1,0,3,A,18
0,1,0,1,1,1,0,1,3,B,18
0,1,0,1,1,0,1,1,3,C,18
0,1,0,1,0,1,1,1,3,D,18
0,1,0,0,1,1,1,1,3,E,18
0,0,1,1,1,1,1,0,3,F,18
0,0,1,1,1,1,0,1,3,G,18
0,0,1,1,1,0,1,1,3,H,18
0,0,1,1,0,1,1,1,4,A,18
0,0,1,0,1,1,1,1,4,B,18
0,0,0,1,1,1,1,1,4,C,18
1,1,1,1,1,1,0,0,4,D,18
1,1,1,1,1,0,1,0,4,E,18
1,1,1,1,1,0,0,1,4,F,18
1,1,1,1,0,1,1,0,4,G,18
1,1,1,1,0,1,0,1,4,H,18
1,1,1,1,0,0,1,1,5,A,18
1,1,1,0,1,1,1,0,5,B,18
1,1,1,0,1,1,0,1,5,C,18
1,1,1,0,1,0,1,1,5,D,18
1,1,1,0,0,1,1,1,5,E,18
1,1,0,1,1,1,1,0,5,F,18
1,1,0,1,1,1,0,1,5,G,18
1,1,0,1,1,0,1,1,5,H,18
1,1,0,1,0,1,1,1,6,A,18
1,1,0,0,1,1,1,1,6,B,18
1,0,1,1,1,1,1,0,6,C,18
1,0,1,1,1,1,0,1,6,D,18
1,0,1,1,1,0,1,1,6,E,18
1,0,1,1,0,1,1,1,6,F,18
1,0,1,0,1,1,1,1,6,G,18
1,0,0,1,1,1,1,1,6,H,18
0,1,1,1,1,1,1,0,7,A,18
0,1,1,1,1,1,0,1,7,B,18
0,1,1,1,1,0,1,1,7,C,18
0,1,1,1,0,1,1,1,7,D,18
0,1,1,0,1,1,1,1,7,E,18
0,1,0,1,1,1,1,1,7,F,18
0,0,1,1,1,1,1,1,7,G,18
1,1,1,1,1,1,1,0,7,H,18
1,1,1,1,1,1,0,1,8,A,18
1,1,1,1,1,0,1,1,8,B,18
1,1,1,1,0,1,1,1,8,C,18
1,1,1,0,1,1,1,1,8,D,18
1,1,0,1,1,1,1,1,8,E,18
1,0,1,1,1,1,1,1,8,F,18
0,1,1,1,1,1,1,1,8,G,18
1,1,1,1,1,1,1,1,8,H,18
0,0,0,0,0,0,0,0,9,A,18
0,0,0,0,0,0,0,0,9,B,18
0,0,0,0,0,0,0,0,9,C,18
0,0,0,0,0,0,0,0,9,D,18
0,0,0,0,0,0,0,0,9,E,18
0,0,0,0,0,0,0,0,9,F,18
0,0,0,0,0,0,0,0,9,G,18
0,0,0,0,0,0,0,0,9,H,18
0,0,0,0,0,0,0,0,10,A,18
0,0,0,0,0,0,0,0,10,B,18
0,0,0,0,0,0,0,0,10,C,18
0,0,0,0,0,0,0,0,10,D,18
0,0,0,0,0,0,0,0,10,E,18
0,0,0,0,0,0,0,0,10,F,18
0,0,0,0,0,0,0,0,10,G,18
0,0,0,0,0,0,0,0,10,H,18
0,0,0,0,0,0,0,0,11,A,18
0,0,0,0,0,0,0,0,11,B,18
0,0,0,0,0,0,0,0,11,C,18
0,0,0,0,0,0,0,0,11,D,18
0,0,0,0,0,0,0,0,11,E,18
0,0,0,0,0,0,0,0,11,F,18
0,0,0,0,0,0,0,0,11,G,18
0,0,0,0,0,0,0,0,11,H,18
0,0,0,0,0,0,0,0,12,A,18
0,0,0,0,0,0,0,0,12,B,18
0,0,0,0,0,0,0,0,12,C,18
0,0,0,0,0,0,0,0,12,D,18
0,0,0,0,0,0,0,0,12,E,18
0,0,0,0,0,0,0,0,12,F,18
0,0,0,0,0,0,0,0,12,G,18
0,0,0,0,0,0,0,0,12,H,18
0,0,0,0,0,0,0,0,1,A,19
1,0,0,0,0,0,0,0,1,B,19
0,1,0,0,0,0,0,0,1,C,19
0,0,1,0,0,0,0,0,1,D,19
0,0,0,1,0,0,0,0,1,E,19
0,0,0,0,1,0,0,0,1,F,19
0,0,0,0,0,1,0,0,1,G,19
0,0,0,0,0,0,1,0,1,H,19
0,0,0,0,0,0,0,1,2,A,19
1,1,0,0,0,0,0,0,2,B,19
1,0,1,0,0,0,0,0,2,C,19
1,0,0,1,0,0,0,0,2,D,19
1,0,0,0,1,0,0,0,2,E,19
1,0,0,0,0,1,0,0,2,F,19
1,0,0,0,0,0,1,0,2,G,19
1,0,0,0,0,0,0,1,2,H,19
0,1,1,0,0,0,0,0,3,A,19
0,1,0,1,0,0,0,0,3,B,19
0,1,0,0,1,0,0,0,3,C,19
0,1,0,0,0,1,0,0,3,D,19
0,1,0,0,0,0,1,0,3,E,19
0,1,0,0,0,0,0,1,3,F,19
0,0,1,1,0,0,0,0,3,G,19
0,0,1,0,1,0,0,0,3,H,19
0,0,1,0,0,1,0,0,4,A,19
0,0,1,0,0,0,1,0,4,B,19
0,0,1,0,0,0,0,1,4,C,19
0,0,0,1,1,0,0,0,4,D,19
0,0,0,1,0,1,0,0,4,E,19
0,0,0,1,0,0,1,0,4,F,19
0,0,0,1,0,0,0,1,4,G,19
0,0,0,0,1,1,0,0,4,H,19
0,0,0,0,1,0,1,0,5,A,19
0,0,0,0,1,0,0,1,5,B,19
0,0,0,0,0,1,1,0,5,C,19
0,0,0,0,0,1,0,1,5,D,19
0,0,0,0,0,0,1,1,5,E,19
1,1,1,0,0,0,0,0,5,F,19
1,1,0,1,0,0,0,0,5,G,19
1,1,0,0,1,0,0,0,5,H,19
1,1,0,0,0,1,0,0,6,A,19
1,1,0,0,0,0,1,0,6,B,19
1,1,0,0,0,0,0,1,6,C,19
1,0,1,1,0,0,0,0,6,D,19
1,0,1,0,1,0,0,0,6,E,19
1,0,1,0,0,1,0,0,6,F,19
1,0,1,0,0,0,1,0,6,G,19
1,0,1,0,0,0,0,1,6,H,19
1,0,0,1,1,0,0,0,7,A,19
1,0,0,1,0,1,0,0,7,B,19
1,0,0,1,0,0,1,0,7,C,19
1,0,0,1,0,0,0,1,7,D,19
1,0,0,0,1,1,0,0,7,E,19
1,0,0,0,1,0,1,0,7,F,19
1,0,0,0,1,0,0,1,7,G,19
1,0,0,0,0,1,1,0,7,H,19
1,0,0,0,0,1,0,1,8,A,19
1,0,0,0,0,0,1,1,8,B,19
0,1,1,1,0,0,0,0,8,C,19
0,1,1,0,1,0,0,0,8,D,19
0,1,1,0,0,1,0,0,8,E,19
0,1,1,0,0,0,1,0,8,F,19
0,1,1,0,0,0,0,1,8,G,19
0,1,0,1,1,0,0,0,8,H,19
0,1,0,1,0,1,0,0,9,A,19
0,1,0,1,0,0,1,0,9,B,19
0,1,0,1,0,0,0,1,9,C,19
0,1,0,0,1,1,0,0,9,D,19
0,1,0,0,1,0,1,0,9,E,19
0,1,0,0,1,0,0,1,9,F,19
0,1,0,0,0,1,1,0,9,G,19
0,1,0,0,0,1,0,1,9,H,19
0,1,0,0,0,0,1,1,10,A,19
0,0,1,1,1,0,0,0,10,B,19
0,0,1,1,0,1,0,0,10,C,19
0,0,1,1,0,0,1,0,10,D,19
0,0,1,1,0,0,0,1,10,E,19
0,0,1,0,1,1,0,0,10,F,19
0,0,1,0,1,0,1,0,10,G,19
0,0,1,0,1,0,0,1,10,H,19
0,0,1,0,0,1,1,0,11,A,19
0,0,1,0,0,1,0,1,11,B,19
0,0,1,0,0,0,1,1,11,C,19
0,0,0,1,1,1,0,0,11,D,19
0,0,0,1,1,0,1,0,11,E,19
0,0,0,1,1,0,0,1,11,F,19
0,0,0,1,0,1,1,0,11,G,19
0,0,0,1,0,1,0,1,11,H,19
0,0,0,1,0,0,1,1,12,A,19
0,0,0,0,1,1,1,0,12,B,19
0,0,0,0,1,1,0,1,12,C,19
0,0,0,0,1,0,1,1,12,D,19
0,0,0,0,0,1,1,1,12,E,19
1,1,1,1,0,0,0,0,12,F,19
1,1,1,0,1,0,0,0,12,G,19
1,1,1,0,0,1,0,0,12,H,19
1,1,1,0,0,0,1,0,1,A,20
1,1,1,0,0,0,0,1,1,B,20
1,1,0,1,1,0,0,0,1,C,20
1,1,0,1,0,1,0,0,1,D,20
1,1,0,1,0,0,1,0,1,E,20
1,1,0,1,0,0,0,1,1,F,20
1,1,0,0,1,1,0,0,1,G,20
1,1,0,0,1,0,1,0,1,H,20
1,1,0,0,1,0,0,1,2,A,20
1,1,0,0,0,1,1,0,2,B,20
1,1,0,0,0,1,0,1,2,C,20
1,1,0,0,0,0,1,1,2,D,20
1,0,1,1,1,0,0,0,2,E,20
1,0,1,1,0,1,0,0,2,F,20
1,0,1,1,0,0,1,0,2,G,20
1,0,1,1,0,0,0,1,2,H,20
1,0,1,0,1,1,0,0,3,A,20
1,0,1,0,1,0,1,0,3,B,20
1,0,1,0,1,0,0,1,3,C,20
1,0,1,0,0,1,1,0,3,D,20
1,0,1,0,0,1,0,1,3,E,20
1,0,1,0,0,0,1,1,3,F,20
1,0,0,1,1,1,0,0,3,G,20
1,0,0,1,1,0,1,0,3,H,20
1,0,0,1,1,0,0,1,4,A,20
1,0,0,1,0,1,1,0,4,B,20
1,0,0,1,0,1,0,1,4,C,20
1,0,0,1,0,0,1,1,4,D,20
1,0,0,0,1,1,1,0,4,E,20
1,0,0,0,1,1,0,1,4,F,20
1,0,0,0,1,0,1,1,4,G,20
1,0,0,0,0,1,1,1,4,H,20
0,1,1,1,1,0,0,0,5,A,20
0,1,1,1,0,1,0,0,5,B,20
0,1,1,1,0,0,1,0,5,C,20
0,1,1,1,0,0,0,1,5,D,20
0,1,1,0,1,1,0,0,5,E,20
0,1,1,0,1,0,1,0,5,F,20
0,1,1,0,1,0,0,1,5,G,20
0,1,1,0,0,1,1,0,5,H,20
0,1,1,0,0,1,0,1,6,A,20
0,1,1,0,0,0,1,1,6,B,20
0,1,0,1,1,1,0,0,6,C,20
0,1,0,1,1,0,1,0,6,D,20
0,1,0,1,1,0,0,1,6,E,20
0,1,0,1,0,1,1,0,6,F,20
0,1,0,1,0,1,0,1,6,G,20
0,1,0,1,0,0,1,1,6,H,20
0,1,0,0,1,1,1,0,7,A,20
0,1,0,0,1,1,0,1,7,B,20
0,1,0,0,1,0,1,1,7,C,20
0,1,0,0,0,1,1,1,7,D,20
0,0,1,1,1,1,0,0,7,E,20
0,0,1,1,1,0,1,0,7,F,20
0,0,1,1,1,0,0,1,7,G,20
0,0,1,1,0,1,1,0,7,H,20
0,0,1,1,0,1,0,1,8,A,20
0,0,1,1,0,0,1,1,8,B,20
0,0,1,0,1,1,1,0,8,C,20
0,0,1,0,1,1,0,1,8,D,20
0,0,1,0,1,0,1,1,8,E,20
0,0,1,0,0,1,1,1,8,F,20
0,0,0,1,1,1,1,0,8,G,20
0,0,0,1,1,1,0,1,8,H,20
0,0,0,1,1,0,1,1,9,A,20
0,0,0,1,0,1,1,1,9,B,20
0,0,0,0,1,1,1,1,9,C,20
1,1,1,1,1,0,0,0,9,D,20
1,1,1,1,0,1,0,0,9,E,20
1,1,1,1,0,0,1,0,9,F,20
1,1,1,1,0,0,0,1,9,G,20
1,1,1,0,1,1,0,0,9,H,20
1,1,1,0,1,0,1,0,10,A,20
1,1,1,0,1,0,0,1,10,B,20
1,1,1,0,0,1,1,0,10,C,20
1,1,1,0,0,1,0,1,10,D,20
1,1,1,0,0,0,1,1,10,E,20
1,1,0,1,1,1,0,0,10,F,20
1,1,0,1,1,0,1,0,10,G,20
1,1,0,1,1,0,0,1,10,H,20
1,1,0,1,0,1,1,0,11,A,20
1,1,0,1,0,1,0,1,11,B,20
1,1,0,1,0,0,1,1,11,C,20
1,1,0,0,1,1,1,0,11,D,20
1,1,0,0,1,1,0,1,11,E,20
1,1,0,0,1,0,1,1,11,F,20
1,1,0,0,0,1,1,1,11,G,20
1,0,1,1,1,1,0,0,11,H,20
1,0,1,1,1,0,1,0,12,A,20
1,0,1,1,1,0,0,1,12,B,20
1,0,1,1,0,1,1,0,12,C,20
1,0,1,1,0,1,0,1,12,D,20
1,0,1,1,0,0,1,1,12,E,20
1,0,1,0,1,1,1,0,12,F,20
1,0,1,0,1,1,0,1,12,G,20
1,0,1,0,1,0,1,1,12,H,20
1,0,1,0,0,1,1,1,1,A,21
1,0,0,1,1,1,1,0,1,B,21
1,0,0,1,1,1,0,1,1,C,21
1,0,0,1,1,0,1,1,1,D,21
1,0,0,1,0,1,1,1,1,E,21
1,0,0,0,1,1,1,1,1,F,21
0,1,1,1,1,1,0,0,1,G,21
0,1,1,1,1,0,1,0,1,H,21
0,1,1,1,1,0,0,1,2,A,21
0,1,1,1,0,1,1,0,2,B,21
0,1,1,1,0,1,0,1,2,C,21
0,1,1,1,0,0,1,1,2,D,21
0,1,1,0,1,1,1,0,2,E,21
0,1,1,0,1,1,0,1,2,F,21
0,1,1,0,1,0,1,1,2,G,21
0,1,1,0,0,1,1,1,2,H,21
0,1,0,1,1,1,1,0,3,A,21
0,1,0,1,1,1,0,1,3,B,21
0,1,0,1,1,0,1,1,3,C,21
0,1,0,1,0,1,1,1,3,D,21
0,1,0,0,1,1,1,1,3,E,21
0,0,1,1,1,1,1,0,3,F,21
0,0,1,1,1,1,0,1,3,G,21
0,0,1,1,1,0,1,1,3,H,21
0,0,1,1,0,1,1,1,4,A,21
0,0,1,0,1,1,1,1,4,B,21
0,0,0,1,1,1,1,1,4,C,21
1,1,1,1,1,1,0,0,4,D,21
1,1,1,1,1,0,1,0,4,E,21
1,1,1,1,1,0,0,1,4,F,21
1,1,1,1,0,1,1,0,4,G,21
1,1,1,1,0,1,0,1,4,H,21
1,1,1,1,0,0,1,1,5,A,21
1,1,1,0,1,1,1,0,5,B,21
1,1,1,0,1,1,0,1,5,C,21
1,1,1,0,1,0,1,1,5,D,21
1,1,1,0,0,1,1,1,5,E,21
1,1,0,1,1,1,1,0,5,F,21
1,1,0,1,1,1,0,1,5,G,21
1,1,0,1,1,0,1,1,5,H,21
1,1,0,1,0,1,1,1,6,A,21
1,1,0,0,1,1,1,1,6,B,21
1,0,1,1,1,1,1,0,6,C,21
1,0,1,1,1,1,0,1,6,D,21
1,0,1,1,1,0,1,1,6,E,21
1,0,1,1,0,1,1,1,6,F,21
1,0,1,0,1,1,1,1,6,G,21
1,0,0,1,1,1,1,1,6,H,21
0,1,1,1,1,1,1,0,7,A,21
0,1,1,1,1,1,0,1,7,B,21
0,1,1,1,1,0,1,1,7,C,21
0,1,1,1,0,1,1,1,7,D,21
0,1,1,0,1,1,1,1,7,E,21
0,1,0,1,1,1,1,1,7,F,21
0,0,1,1,1,1,1,1,7,G,21
1,1,1,1,1,1,1,0,7,H,21
1,1,1,1,1,1,0,1,8,A,21
1,1,1,1,1,0,1,1,8,B,21
1,1,1,1,0,1,1,1,8,C,21
1,1,1,0,1,1,1,1,8,D,21
1,1,0,1,1,1,1,1,8,E,21
1,0,1,1,1,1,1,1,8,F,21
0,1,1,1,1,1,1,1,8,G,21
1,1,1,1,1,1,1,1,8,H,21
0,0,0,0,0,0,0,0,9,A,21
0,0,0,0,0,0,0,0,9,B,21
0,0,0,0,0,0,0,0,9,C,21
0,0,0,0,0,0,0,0,9,D,21
0,0,0,0,0,0,0,0,9,E,21
0,0,0,0,0,0,0,0,9,F,21
0,0,0,0,0,0,0,0,9,G,21
0,0,0,0,0,0,0,0,9,H,21
0,0,0,0,0,0,0,0,10,A,21
0,0,0,0,0,0,0,0,10,B,21
0,0,0,0,0,0,0,0,10,C,21
0,0,0,0,0,0,0,0,10,D,21
0,0,0,0,0,0,0,0,10,E,21
0,0,0,0,0,0,0,0,10,F,21
0,0,0,0,0,0,0,0,10,G,21
0,0,0,0,0,0,0,0,10,H,21
0,0,0,0,0,0,0,0,11,A,21
0,0,0,0,0,0,0,0,11,B,21
0,0,0,0,0,0,0,0,11,C,21
0,0,0,0,0,0,0,0,11,D,21
0,0,0,0,0,0,0,0,11,E,21
0,0,0,0,0,0,0,0,11,F,21
0,0,0,0,0,0,0,0,11,G,21
0,0,0,0,0,0,0,0,11,H,21
0,0,0,0,0,0,0,0,12,A,21
0,0,0,0,0,0,0,0,12,B,21
0,0,0,0,0,0,0,0,12,C,21
0,0,0,0,0,0,0,0,12,D,21
0,0,0,0,0,0,0,0,12,E,21
0,0,0,0,0,0,0,0,12,F,21
0,0,0,0,0,0,0,0,12,G,21
0,0,0,0,0,0,0,0,12,H,21
0,0,0,0,0,0,0,0,1,A,22
1,0,0,0,0,0,0,0,1,B,22
0,1,0,0,0,0,0,0,1,C,22
0,0,1,0,0,0,0,0,1,D,22
0,0,0,1,0,0,0,0,1,E,22
0,0,0,0,1,0,0,0,1,F,22
0,0,0,0,0,1,0,0,1,G,22
0,0,0,0,0,0,1,0,1,H,22
0,0,0,0,0,0,0,1,2,A,22
1,1,0,0,0,0,0,0,2,B,22
1,0,1,0,0,0,0,0,2,C,22
1,0,0,1,0,0,0,0,2,D,22
1,0,0,0,1,0,0,0,2,E,22
1,0,0,0,0,1,0,0,2,F,22
1,0,0,0,0,0,1,0,2,G,22
1,0,0,0,0,0,0,1,2,H,22
0,1,1,0,0,0,0,0,3,A,22
0,1,0,1,0,0,0,0,3,B,22
0,1,0,0,1,0,0,0,3,C,22
0,1,0,0,0,1,0,0,3,D,22
0,1,0,0,0,0,1,0,3,E,22
0,1,0,0,0,0,0,1,3,F,22
0,0,1,1,0,0,0,0,3,G,22
0,0,1,0,1,0,0,0,3,H,22
0,0,1,0,0,1,0,0,4,A,22
0,0,1,0,0,0,1,0,4,B,22
0,0,1,0,0,0,0,1,4,C,22
0,0,0,1,1,0,0,0,4,D,22
0,0,0,1,0,1,0,0,4,E,22
0,0,0,1,0,0,1,0,4,F,22
0,0,0,1,0,0,0,1,4,G,22
0,0,0,0,1,1,0,0,4,H,22
0,0,0,0,1,0,1,0,5,A,22
0,0,0,0,1,0,0,1,5,B,22
0,0,0,0,0,1,1,0,5,C,22
0,0,0,0,0,1,0,1,5,D,22
0,0,0,0,0,0,1,1,5,E,22
1,1,1,0,0,0,0,0,5,F,22
1,1,0,1,0,0,0,0,5,G,22
1,1,0,0,1,0,0,0,5,H,22
1,1,0,0,0,1,0,0,6,A,22
1,1,0,0,0,0,1,0,6,B,22
1,1,0,0,0,0,0,1,6,C,22
1,0,1,1,0,0,0,0,6,D,22
1,0,1,0,1,0,0,0,6,E,22
1,0,1,0,0,1,0,0,6,F,22
1,0,1,0,0,0,1,0,6,G,22
1,0,1,0,0,0,0,1,6,H,22
1,0,0,1,1,0,0,0,7,A,22
1,0,0,1,0,1,0,0,7,B,22
1,0,0,1,0,0,1,0,7,C,22
1,0,0,1,0,0,0,1,7,D,22
1,0,0,0,1,1,0,0,7,E,22
1,0,0,0,1,0,1,0,7,F,22
1,0,0,0,1,0,0,1,7,G,22
1,0,0,0,0,1,1,0,7,H,22
1,0,0,0,0,1,0,1,8,A,22
1,0,0,0,0,0,1,1,8,B,22
0,1,1,1,0,0,0,0,8,C,22
0,1,1,0,1,0,0,0,8,D,22
0,1,1,0,0,1,0,0,8,E,22
0,1,1,0,0,0,1,0,8,F,22
0,1,1,0,0,0,0,1,8,G,22
0,1,0,1,1,0,0,0,8,H,22
0,1,0,1,0,1,0,0,9,A,22
0,1,0,1,0,0,1,0,9,B,22
0,1,0,1,0,0,0,1,9,C,22
0,1,0,0,1,1,0,0,9,D,22
0,1,0,0,1,0,1,0,9,E,22
0,1,0,0,1,0,0,1,9,F,22
0,1,0,0,0,1,1,0,9,G,22
0,1,0,0,0,1,0,1,9,H,22
0,1,0,0,0,0,1,1,10,A,22
0,0,1,1,1,0,0,0,10,B,22
0,0,1,1,0,1,0,0,10,C,22
0,0,1,1,0,0,1,0,10,D,22
0,0,1,1,0,0,0,1,10,E,22
0,0,1,0,1,1,0,0,10,F,22
0,0,1,0,1,0,1,0,10,G,22
0,0,1,0,1,0,0,1,10,H,22
0,0,1,0,0,1,1,0,11,A,22
0,0,1,0,0,1,0,1,11,B,22
0,0,1,0,0,0,1,1,11,C,22
0,0,0,1,1,1,0,0,11,D,22
0,0,0,1,1,0,1,0,11,E,22
0,0,0,1,1,0,0,1,11,F,22
0,0,0,1,0,1,1,0,11,G,22
0,0,0,1,0,1,0,1,11,H,22
0,0,0,1,0,0,1,1,12,A,22
0,0,0,0,1,1,1,0,12,B,22
0,0,0,0,1,1,0,1,12,C,22
0,0,0,0,1,0,1,1,12,D,22
0,0,0,0,0,1,1,1,12,E,22
1,1,1,1,0,0,0,0,12,F,22
1,1,1,0,1,0,0,0,12,G,22
1,1,1,0,0,1,0,0,12,H,22
1,1,1,0,0,0,1,0,1,A,23
1,1,1,0,0,0,0,1,1,B,23
1,1,0,1,1,0,0,0,1,C,23
1,1,0,1,0,1,0,0,1,D,23
1,1,0,1,0,0,1,0,1,E,23
1,1,0,1,0,0,0,1,1,F,23
1,1,0,0,1,1,0,0,1,G,23
1,1,0,0,1,0,1,0,1,H,23
1,1,0,0,1,0,0,1,2,A,23
1,1,0,0,0,1,1,0,2,B,23
1,1,0,0,0,1,0,1,2,C,23
1,1,0,0,0,0,1,1,2,D,23
1,0,1,1,1,0,0,0,2,E,23
1,0,1,1,0,1,0,0,2,F,23
1,0,1,1,0,0,1,0,2,G,23
1,0,1,1,0,0,0,1,2,H,23
1,0,1,0,1,1,0,0,3,A,23
1,0,1,0,1,0,1,0,3,B,23
1,0,1,0,1,0,0,1,3,C,23
1,0,1,0,0,1,1,0,3,D,23
1,0,1,0,0,1,0,1,3,E,23
1,0,1,0,0,0,1,1,3,F,23
1,0,0,1,1,1,0,0,3,G,23
1,0,0,1,1,0,1,0,3,H,23
1,0,0,1,1,0,0,1,4,A,23
1,0,0,1,0,1,1,0,4,B,23
1,0,0,1,0,1,0,1,4,C,23
1,0,0,1,0,0,1,1,4,D,23
1,0,0,0,1,1,1,0,4,E,23
1,0,0,0,1,1,0,1,4,F,23
1,0,0,0,1,0,1,1,4,G,23
1,0,0,0,0,1,1,1,4,H,23
0,1,1,1,1,0,0,0,5,A,23
0,1,1,1,0,1,0,0,5,B,23
0,1,1,1,0,0,1,0,5,C,23
0,1,1,1,0,0,0,1,5,D,23
0,1,1,0,1,1,0,0,5,E,23
0,1,1,0,1,0,1,0,5,F,23
0,1,1,0,1,0,0,1,5,G,23
0,1,1,0,0,1,1,0,5,H,23
0,1,1,0,0,1,0,1,6,A,23
0,1,1,0,0,0,1,1,6,B,23
0,1,0,1,1,1,0,0,6,C,23
0,1,0,1,1,0,1,0,6,D,23
0,1,0,1,1,0,0,1,6,E,23
0,1,0,1,0,1,1,0,6,F,23
0,1,0,1,0,1,0,1,6,G,23
0,1,0,1,0,0,1,1,6,H,23
0,1,0,0,1,1,1,0,7,A,23
0,1,0,0,1,1,0,1,7,B,23
0,1,0,0,1,0,1,1,7,C,23
0,1,0,0,0,1,1,1,7,D,23
0,0,1,1,1,1,0,0,7,E,23
0,0,1,1,1,0,1,0,7,F,23
0,0,1,1,1,0,0,1,7,G,23
0,0,1,1,0,1,1,0,7,H,23
0,0,1,1,0,1,0,1,8,A,23
0,0,1,1,0,0,1,1,8,B,23
0,0,1,0,1,1,1,0,8,C,23
0,0,1,0,1,1,0,1,8,D,23
0,0,1,0,1,0,1,1,8,E,23
0,0,1,0,0,1,1,1,8,F,23
0,0,0,1,1,1,1,0,8,G,23
0,0,0,1,1,1,0,1,8,H,23
0,0,0,1,1,0,1,1,9,A,23
0,0,0,1,0,1,1,1,9,B,23
0,0,0,0,1,1,1,1,9,C,23
1,1,1,1,1,0,0,0,9,D,23
1,1,1,1,0,1,0,0,9,E,23
1,1,1,1,0,0,1,0,9,F,23
1,1,1,1,0,0,0,1,9,G,23
1,1,1,0,1,1,0,0,9,H,23
1,1,1,0,1,0,1,0,10,A,23
1,1,1,0,1,0,0,1,10,B,23
1,1,1,0,0,1,1,0,10,C,23
1,1,1,0,0,1,0,1,10,D,23
1,1,1,0,0,0,1,1,10,E,23
1,1,0,1,1,1,0,0,10,F,23
1,1,0,1,1,0,1,0,10,G,23
1,1,0,1,1,0,0,1,10,H,23
1,1,0,1,0,1,1,0,11,A,23
1,1,0,1,0,1,0,1,11,B,23
1,1,0,1,0,0,1,1,11,C,23
1,1,0,0,1,1,1,0,11,D,23
1,1,0,0,1,1,0,1,11,E,23
1,1,0,0,1,0,1,1,11,F,23
1,1,0,0,0,1,1,1,11,G,23
1,0,1,1,1,1,0,0,11,H,23
1,0,1,1,1,0,1,0,12,A,23
1,0,1,1,1,0,0,1,12,B,23
1,0,1,1,0,1,1,0,12,C,23
1,0,1,1,0,1,0,1,12,D,23
1,0,1,1,0,0,1,1,12,E,23
1,0,1,0,1,1,1,0,12,F,23
1,0,1,0,1,1,0,1,12,G,23
1,0,1,0,1,0,1,1,12,H,23
1,0,1,0,0,1,1,1,1,A,24
1,0,0,1,1,1,1,0,1,B,24
1,0,0,1,1,1,0,1,1,C,24
1,0,0,1,1,0,1,1,1,D,24
1,0,0,1,0,1,1,1,1,E,24
1,0,0,0,1,1,1,1,1,F,24
0,1,1,1,1,1,0,0,1,G,24
0,1,1,1,1,0,1,0,1,H,24
0,1,1,1,1,0,0,1,2,A,24
0,1,1,1,0,1,1,0,2,B,24
0,1,1,1,0,1,0,1,2,C,24
0,1,1,1,0,0,1,1,2,D,24
0,1,1,0,1,1,1,0,2,E,24
0,1,1,0,1,1,0,1,2,F,24
0,1,1,0,1,0,1,1,2,G,24
0,1,1,0,0,1,1,1,2,H,24
0,1,0,1,1,1,1,0,3,A,24
0,1,0,1,1,1,0,1,3,B,24
0,1,0,1,1,0,1,1,3,C,24
0,1,0,1,0,1,1,1,3,D,24
0,1,0,0,1,1,1,1,3,E,24
0,0,1,1,1,1,1,0,3,F,24
0,0,1,1,1,1,0,1,3,G,24
0,0,1,1,1,0,1,1,3,H,24
0,0,1,1,0,1,1,1,4,A,24
0,0,1,0,1,1,1,1,4,B,24
0,0,0,1,1,1,1,1,4,C,24
1,1,1,1,1,1,0,0,4,D,24
1,1,1,1,1,0,1,0,4,E,24
1,1,1,1,1,0,0,1,4,F,24
1,1,1,1,0,1,1,0,4,G,24
1,1,1,1,0,1,0,1,4,H,24
1,1,1,1,0,0,1,1,5,A,24
1,1,1,0,1,1,1,0,5,B,24
1,1,1,0,1,1,0,1,5,C,24
1,1,1,0,1,0,1,1,5,D,24
1,1,1,0,0,1,1,1,5,E,24
1,1,0,1,1,1,1,0,5,F,24
1,1,0,1,1,1,0,1,5,G,24
1,1,0,1,1,0,1,1,5,H,24
1,1,0,1,0,1,1,1,6,A,24
1,1,0,0,1,1,1,1,6,B,24
1,0,1,1,1,1,1,0,6,C,24
1,0,1,1,1,1,0,1,6,D,24
1,0,1,1,1,0,1,1,6,E,24
1,0,1,1,0,1,1,1,6,F,24
1,0,1,0,1,1,1,1,6,G,24
1,0,0,1,1,1,1,1,6,H,24
0,1,1,1,1,1,1,0,7,A,24
0,1,1,1,1,1,0,1,7,B,24
0,1,1,1,1,0,1,1,7,C,24
0,1,1,1,0,1,1,1,7,D,24
0,1,1,0,1,1,1,1,7,E,24
0,1,0,1,1,1,1,1,7,F,24
0,0,1,1,1,1,1,1,7,G,24
1,1,1,1,1,1,1,0,7,H,24
1,1,1,1,1,1,0,1,8,A,24
1,1,1,1,1,0,1,1,8,B,24
1,1,1,1,0,1,1,1,8,C,24
1,1,1,0,1,1,1,1,8,D,24
1,1,0,1,1,1,1,1,8,E,24
1,0,1,1,1,1,1,1,8,F,24
0,1,1,1,1,1,1,1,8,G,24
1,1,1,1,1,1,1,1,8,H,24
